resource_state,athlete,name,distance,moving_time,elapsed_time,total_elevation_gain,type,sport_type,workout_type,device_name,id,start_date,start_date_local,timezone,utc_offset,location_city,location_state,location_country,achievement_count,kudos_count,comment_count,athlete_count,photo_count,map,trainer,commute,manual,private,visibility,flagged,gear_id,start_latlng,end_latlng,average_speed,max_speed,has_heartrate,average_heartrate,max_heartrate,heartrate_opt_out,display_hide_heartrate_option,elev_high,elev_low,upload_id,upload_id_str,external_id,from_accepted_tag,pr_count,total_photo_count,has_kudoed,average_cadence,average_watts,max_watts,weighted_average_watts,device_watts,kilojoules
2,"{'id': 118736122, 'resource_state': 1}",5 stetig,5006.8,1847,1854,24.8,Run,Run,0.0,Apple Watch Series 6,17518339902,2026-02-25T13:38:58Z,2026-02-25T14:38:58Z,(GMT+01:00) Europe/Berlin,3600.0,,,,0,2,0,1,0,"{'id': 'a17518339902', 'summary_polyline': 'yio_Iu||oAIp@A|@HZJVVLx@DXJT?f@JjA\\x@Hr@?Nf@HPNFf@If@CTGPAREx@@\\IXAT?JCV@NLJzC?`BPxCBpAAzAFjAChANxC@n@E~@BNCZFnADTAfB@\\DL@tADv@@tAH`AA|@HdABv@?l@DjAA`@Dj@A|@@^Df@B`BDVHbC@vBBT?z@F~@?z@@f@F^Bv@A`@LnBDjBFr@DrCCr@DjBAP_ATIFMBc@RU?o@NUFk@\\yAZu@\\QDg@DODWPc@Ha@PU@k@P[NKJYHWLM?WHKAc@Tg@Dc@RW^i@f@QHG@ECWLe@JC?I[KiAAk@OmA?iAGiA@MCcAC]C{AEkAOkCE[IWKEm@Fw@Pa@BMD_@ZGLEbAEDMFWFGAMFQ?u@NGGC_@Ia@Ym@GYBQBGLI?SKoA@O?KU{AKoAEu@@M_@cGIeC?YKaB?{@Be@VuA?q@Dy@Lk@@i@I{AEyCGw@Ai@Eg@EsAIw@EoBIm@M}CQoB?GFIHGLUMiAESKq@?g@YoDFcBCe@?y@Ii@@a@Fw@DWDgAASOq@IkABSZaAPIv@?RCd@OPB\\LP@z@Kf@PXT^Ll@@ZG`@Al@Pd@FPDX@JB', 'resource_state': 2}",False,False,False,False,everyone,False,g27268920,"[52.511124, 13.263891]","[52.51169, 13.263084]",2.711,4.82,True,161.4,173.0,False,True,69.1,52.7,18615774460,18615774460,B2706A3A-D88B-4EC2-8F76-00D59B86E6E4-activity.fit,False,0,0,False,,,,,,
2,"{'id': 118736122, 'resource_state': 1}",Morning Run,2037.8,754,762,0.0,Run,Run,,Apple Watch Series 6,17503050740,2026-02-24T08:57:45Z,2026-02-24T09:57:45Z,(GMT+01:00) Europe/Berlin,3600.0,,,,0,0,0,1,0,"{'id': 'a17503050740', 'summary_polyline': 'kko_Iuz}oAe@eAESGKESKQOe@KSOQk@rCQXm@pAi@z@s@bBs@z@S`@i@fAEXSb@SXSNc@|@Qr@Wn@OZERa@bAKf@W^K`@ELSVULWFOHQZMHGCe@y@_@Kq@AWMMBu@KOAE@YYg@U]Ka@Cg@[c@Si@i@y@Wa@C[S]EUGGW?GHId@BbA\\D?RHFAPD`@P`@x@f@\\`@?\\CXDLFb@d@`@Ph@Dz@Eh@IJ@PJRTZt@n@{@ZYZo@', 'resource_state': 2}",False,False,False,True,only_me,False,g27268920,"[52.511271, 13.26352]","[52.51438, 13.264448]",2.703,4.12,True,157.2,172.0,False,True,62.8,61.1,18600435947,18600435947,602D0E6B-64D9-493F-A05F-A72B62E3E9BD-activity.fit,False,0,0,False,,,,,,
2,"{'id': 118736122, 'resource_state': 1}",Leaving Berlin,15004.0,6141,6714,29.5,Run,Run,2.0,Apple Watch Series 6,17473057368,2026-02-21T13:00:34Z,2026-02-21T14:00:34Z,(GMT+01:00) Europe/Berlin,3600.0,,,,3,4,1,1,0,"{'id': 'a17473057368', 'summary_polyline': 'oew_Iyi}pAFq@?{@h@yCrB{Fd@eC^_AEOHkBMEg@o@sA}Cu@uC?s@uAyBc@cB]i@@QYq@?QM_@C]mAmCAe@}@iBq@gBWoB{@{AMw@[m@WoA_@y@CWFu@Qu@KMg@DQ]Sy@k@Bs@cB]aBKMiAyDc@eAMw@aC}FGc@Ym@Ce@Ym@c@qBi@o@SmA{@gCYuAYe@q@gCa@cAIi@a@u@ICk@yAGc@MSMq@k@cA{@iDYe@Qm@UwAQOy@{BYoAo@}ASw@OSS_AQCSY?c@fDoKNs@l@mAGy@k@i@_AsBk@[aAyAUK{@sAqAsAc@gAa@[mAiBAOLa@Qe@a@Mu@kAq@q@a@qAG{@r@eNPyARsGPiDAuA^mG@mAs@i@_Bu@e@e@_Ac@cBmAeAqDe@cAGs@[i@u@kCQYoAaFk@mAi@iBy@qBU[oAmEgE_I_@_A}@qAkCwG_AwBcB}ByAq@yBMuDu@cCKOJKXe@NiBUo@_@k@IgA?mEYkAU_CRo@Po@d@iBf@m@@mAb@}@Fy@Ug@BWPiAOyBk@MDm@Yc@Ma@Lc@UUDWOYFg@SSDq@u@aB]kBo@cBu@GKaB_@s@g@cBg@m@_@qCeA{@q@a@Gg@a@{Aq@eBmBeBiCiAwBYYiAqC}@kC{EcPoBiHm@cBa@eBa@}@e@sBWe@s@yCeA_Dw@uCE?k@{B_AgCMgAOSw@mD{@_Cq@mCkAmDIe@c@eACc@_AaCs@_CYk@C{@yLeb@?eAmBuG}AyDcAaBsBmCEQNo@W]v@lEdAtAfAnB`B`E|DtNh@tAn@rBl@bC^bAbDjL`@bABdARVHd@PTXjAp@|Av@bDp@bBjA~DvAtFjBxF^bBl@vBj@~AfBpGVj@tAnFdD|K~AfFdAnDFb@|BtHbA`Cr@`APf@vA|Bn@|@vB~BzA`A|Al@HTp@\\zA`@bCbAHLlAd@hBh@|CzAdDp@`A|@pAHPQNA`@Zr@XhAJtA\\|CT^EXNdA?xAg@`@?|Au@b@@`Am@xBc@lATz@ElBXp@?v@LTJ^CJJ|@ZbALr@KTa@JEhG~@dEZ~@`@~ArBx@bCvBzELd@dHpMvAzEb@v@n@hBNR|@pCXj@zAvF|AfEzArFR^p@^', 'resource_state': 2}",False,False,False,False,everyone,False,g27268920,"[52.552883, 13.422801]","[52.564092, 13.468335]",2.443,4.26,True,166.6,177.0,False,True,63.9,48.6,18570276347,18570276347,8D96CD34-30A5-4DD1-B7F4-F29BA9598884-activity.fit,False,0,3,False,,,,,,
2,"{'id': 118736122, 'resource_state': 1}",5 stetig,5016.4,1881,1918,5.1,Run,Run,0.0,Apple Watch Series 6,17452215991,2026-02-19T13:52:48Z,2026-02-19T14:52:48Z,(GMT+01:00) Europe/Berlin,3600.0,,,,0,2,0,1,0,"{'id': 'a17452215991', 'summary_polyline': '}io_Iev|oABVGVGBQAKCGEEGCa@EKMMMGk@@c@OOC]AQIa@IWEc@?WI]Gg@ASGg@GO@c@As@FSIK?QGYDYAKIM_@?UB[?i@GgAKOQCGPGHE?UWKEU?[GS?u@L]@GDK@OD]F]UYYy@Qs@]YMk@i@KQKIc@Ia@Qa@Kk@o@G@EDYAMEo@_@O[EE_@Me@MWKQMUc@OSYKOY?QBWRu@DoAD[?k@n@uEHqANiA@g@Jc@HcALi@Fa@@YJ}@DaBTcBFMHm@AYNmADkAFs@^eCR_CT_BFuAN}@Dy@`@yCL[NsALg@PmABo@Hg@DqANqAL_BL}BDMB@?lAg@nFWfBCt@Gl@@l@I|@Qt@Od@If@Cd@MtA?RIl@Or@ARCNO|AOp@GdAIZQdA@XEp@k@|EElASrBSx@Gb@Av@@^IzASr@c@pB@\\YxAATKj@GdAi@pE?LO~A@NEj@QvBACBg@NuAF\\FJh@ZFJJF\\NLAXPd@Rh@L|@HNDXR`@FV@r@VLHl@dAVRHDZD`@An@NFDd@t@^B`@E`@DVG`@UN?LH^rA@\\SlAUr@[b@_@\\GL[ZGNsAdF]\\W@IAIJQHo@`AWRI@S?o@y@k@[QOW]o@e@[a@_@QWUWOq@o@_@e@SKf@Fb@VJB', 'resource_state': 2}",False,False,False,False,everyone,False,g27268920,"[52.511586, 13.263128]","[52.518934, 13.257477]",2.667,4.58,True,164.9,177.0,False,True,62.8,57.0,18549359313,18549359313,2ECE1AC2-DB5E-4936-8AF1-51906C443825-activity.fit,False,0,0,False,,,,,,
2,"{'id': 118736122, 'resource_state': 1}",Morning Run,5017.9,1967,1990,29.7,Run,Run,,Apple Watch Series 6,17424408765,2026-02-17T07:28:45Z,2026-02-17T08:28:45Z,(GMT+01:00) Europe/Berlin,3600.0,,,,0,1,0,1,0,"{'id': 'a17424408765', 'summary_polyline': 'ijo_I}u|oAGPGDKB]C]@k@QYD]ASCG@M@IESSe@A_@GUMk@@MASIQ?E@MNKCo@[m@Ia@BSFI@QIW?SO]GOYWQOEIDE?Wq@[g@OWWU[MOCWKOFICOFw@I{A}@_@OQ?w@[{@m@e@Si@]o@OKOe@MUEMMw@a@MKm@_@EACG]MIMC[Fu@DWG@e@COHGAmAe@qAm@QAy@]M?aBo@WIMAq@UMGGAe@Y_@Ia@MSMQCo@UWGiBs@M?eAe@_Bg@SMiBi@KKEUKgAAm@C[Kq@Me@Is@?gABk@BqCLiCCmADORFZCLEh@Gd@MxBMh@KjAIb@G^@d@EZ?b@E^A`AKz@FVDpAh@`AZTLVFrAb@lAh@d@Jb@Vj@JnAb@VFRHDN?\\KlAKl@?h@KxAFXFHLBFTHIXCt@?t@d@`@FPNF@DAZDx@f@XFF?NBNFz@f@F@L^DAJFP@ZHX?PB^LXDJDFP?b@GjASdBIrAU|AI~AE^G~@Id@KrAMz@GtBI`@KPCJBHZBTARBTA^Mz@G`@JLVPd@J`@N~@Xd@TTJDZBJGbAAz@K^K`@ALBl@`@LDXDt@Pr@Cv@NNL~@\\jBAD?XRVeAHyBLeA', 'resource_state': 2}",False,False,False,False,everyone,False,g27268920,"[52.511545, 13.263043]","[52.511601, 13.264381]",2.551,4.1,True,164.2,177.0,False,True,63.5,43.7,18521454330,18521454330,A72BFFE1-A62F-4BFD-B8F2-297A675FBF57-activity.fit,False,0,0,False,,,,,,
2,"{'id': 118736122, 'resource_state': 1}",Westend - Havel ft Chris,11861.2,4691,4765,89.5,Run,Run,2.0,Apple Watch Series 6,17384670122,2026-02-13T13:27:19Z,2026-02-13T14:27:19Z,(GMT+01:00) Europe/Berlin,3600.0,,,,1,6,0,1,0,"{'id': 'a17384670122', 'summary_polyline': 'ugn_Iad|oAtFhILDpB|Cl@jCJpBPpBBvCN`AFxAT|BEJL|@?x@RtAQhBJvBIdDFlA?bBPlEDVBxBHf@Ex@NzB?`AVxAj@bAV`At@~@\\t@`Al@h@z@LjCJTERDfAe@vAUPQ|CDtERlAX^PlAz@jCxArBEf@AMXl@ZXTd@DZR_@NuAx@gBNB`AxAXp@ZxBPTLjAZhAZfC@nAPlAPn@VVZBj@^P\\DZ`Az@`B~Bj@zAf@hBh@rBx@lDhAX?r@_@z@e@\\UIWRiArAm@h@e@v@KK_AhAc@Xc@v@]VGVa@Fy@nAWFqB~BAb@\\^Tf@XbCBlAKb@A`AOtA?x@SdA@hBGb@An@HLRjA?ZPzAXv@NbA?zAJlADvACp@Dv@OrAFx@]vCA|AUfBA|@Kd@Bh@QnAg@hBMz@@b@Q^Ap@UnAMPKbATr@Gd@~AfC|@dD`@x@Jh@zAvDXZ@NzAlCz@dAzA`BlAbCRp@X`@|B|GLl@TZ~@vCvA~Cz@dAdAXp@`AfAPTGFPGGV?LSPAt@`@p@BTO\\HHPAdBKbA@n@\\bDHVCNBn@XlCOlCgC[eAY}@XQToA@uBy@wAyAg@CMYW?_@J]b@Ij@FdBr@dArAx@NR|@d@p@@lC`AhAKlADtAe@hAIFYEq@PuBQYJ[BmBQyAISSiCG{ASWs@eBWM_@Ju@IEUWQs@IcBwA]c@g@Ea@w@]g@e@c@K{@Fy@c@_AUMQ_AOCScASw@Yw@k@}@UoA}@gC{@mAYaAYOOq@i@_@K[m@k@aBaCOm@_@k@GYOKu@eBo@_CSIMYAg@_@y@Qu@c@o@}@sBKIPUDUE]MKBe@b@oBZaCT_ALyAPw@d@sJb@{E@uGEs@_@{CAm@_@_Ba@sEFcBNeC^cDGsC_@eBCe@Uk@K?_@u@}CoDu@{ASOm@eBKEQk@QSCSg@cAi@o@Aa@SYCUe@y@]a@O{@c@c@Ww@SOg@}@WG_@[KB_@_@q@Qc@Hm@GkBLy@Vu@Me@HFgAEe@Ws@MCISA}@GYDm@MwEI]?qBK{ESwDEkCFgAEsCKcBEuC@w@OaCAcBIe@CaDMi@GgAAgAFe@G{@Dc@O}CDg@OwBBi@KoFGc@GeEGWCiBA{BYsHMsHIkBKa@B{DAa@OKCqGMoD', 'resource_state': 2}",False,False,False,False,everyone,False,g27268920,"[52.508236, 13.258334]","[52.508279, 13.257466]",2.529,4.4,True,168.6,183.0,False,True,68.5,33.3,18481484106,18481484106,11BCEE83-4480-479B-84B9-0D712CBAE2E6-activity.fit,False,1,0,False,,,,,,
2,"{'id': 118736122, 'resource_state': 1}",4 stetig+,4013.4,1515,1519,13.8,Run,Run,,Apple Watch Series 6,17362841549,2026-02-11T13:58:40Z,2026-02-11T14:58:40Z,(GMT+01:00) Europe/Berlin,3600.0,,,,1,2,0,1,0,"{'id': 'a17362841549', 'summary_polyline': 'qho_Ig`}oAIt@YrD?r@Ef@ITUVYBg@IKBSAiB[OBe@Sa@GU?YIU?e@Kk@AQCg@S[CG@e@IG@OAOGOUOG[CKJMb@G^DjBEl@@ZEXAx@EbA@jAOHGEQVDdDHv@BtABJDj@Bz@R`CBN@~@Hv@NfDLbB@x@B\\@`@Dn@D~ADv@ANDx@Fj@AVFpA?LG^QV@`AOpAG`BBbABLHbAA\\@b@BNANDR?TFd@?ZPxCATN|AJxBHh@AZ@`@FL@t@AHK@MJCJD\\AF\\DFBBFAPBd@DTHHf@UH?PGR@PAf@ODMKu@?MDSh@c@VAJ@LCL@HE^BVIb@EFCXAFBNCLBRGDIa@aBO{@Mc@_@qB[wASs@CUw@cCCUBi@CQEKKMK[S]Yq@_@i@O]KOGYMSK_@EE?MYa@q@cB_@{AUwFEs@Cs@Eo@C}AEiAKyA?MIwA?c@E_@CcAM}AUeAEe@Am@EUAw@COKkC@aAGmCFq@BmAHmAAu@DSDwAB]LDNLJ@NH@Dl@NLBLAJFJALFJ?NBFCH@DCFDJEZuAFGLHTF`@PDGHDd@Fb@GRLf@BLBNAPDZ@', 'resource_state': 2}",False,False,False,False,everyone,False,g27268920,"[52.510965, 13.26451]","[52.511634, 13.262982]",2.649,3.76,True,167.1,176.0,False,True,66.7,57.2,18459614147,18459614147,EA958A95-095B-4435-A74F-5F641714BBF0-activity.fit,False,0,0,False,,,,,,
2,"{'id': 118736122, 'resource_state': 1}",5 stetig,5011.8,1922,2029,12.3,Run,Run,,Apple Watch Series 6,17340165206,2026-02-09T14:52:48Z,2026-02-09T15:52:48Z,(GMT+01:00) Europe/Berlin,3600.0,,,,0,2,0,1,0,"{'id': 'a17340165206', 'summary_polyline': 'uio_Iuz|oACnBEDYPINCNINEDOB_@?aBUY?m@Ka@OO@w@Cm@Yg@Hk@MWQa@O[S_@?MCi@?OCG?KFOA]KSIGGmAeCQS[AKEe@CMGYAg@K[?WG{@c@iBq@cAs@i@M[WG?i@YMCGIYI[WMGOEm@[MKi@O_@Yw@[G?K|@Gx@Cn@Kz@AX]~BMbBGXGj@ELG\\INWXIAa@Uq@OG?w@_@S?WEa@SYGMIWAUKMCKLIRI^KTOn@IPYRYXMB]Nq@JIGAIC{AIiA@eAJg@Fq@HKJGRE\\LRN\\JTTBLETONGVEl@Mn@?ZX^\\|@Np@\\lAHhAHd@PZ?p@Dn@AJEH]He@Ps@L?CBEF?VIlAg@FK@ME_@a@}BI}@GUa@yAu@sB?]PsBFSDAJBL?CIIMQGu@g@YEE@QLIJYz@ElAJ|BFVfAENCh@Od@}@ZkAFa@BID?`ARv@^J@TJt@F`@XJB|@LZLJHFBLAHa@FqAXyAB{@n@yGDaADG`@GVPTJf@JV@THFFVPLDTRLBd@ELBX?PFj@d@`@F`@CHBTb@Rv@XVXBVKXCL@RFRPHHFVDDRJx@NNAFDR@NCPKXEXBTXBXFlAZv@LFNR`@ZD?RHXDhAUj@CXFb@G\\PLBPNNF|C`@jA\\b@BVF^AJEPWTOf@EREBC@}ANyA?[', 'resource_state': 2}",False,False,False,False,everyone,False,g27268920,"[52.511256, 13.263706]","[52.512028, 13.264477]",2.608,4.22,True,162.1,174.0,False,True,62.6,58.2,18436865058,18436865058,678FE7B3-D6B2-4920-B80B-5B0B1C31C986-activity.fit,False,0,0,False,,,,,,
2,"{'id': 118736122, 'resource_state': 1}",Morning Run,5388.6,2190,2283,14.0,Run,Run,,Apple Watch Series 6,17324626915,2026-02-08T07:04:01Z,2026-02-08T08:04:01Z,(GMT+01:00) Europe/Berlin,3600.0,,,,0,2,0,1,0,"{'id': 'a17324626915', 'summary_polyline': 'wew_Iki}pAFg@FkBf@}B^sARm@@a@Fi@HKDMN[FCHWPy@DGVm@RkADEFm@DGLs@TKHKNo@BOf@gBt@iCTi@t@mCPe@\\yAVu@TeA^aAT_ADGTs@Nw@Ja@@KNQp@wBF[X_AVcAJUTiAZeA\\w@BWJQJi@^sA@WEU_@QDYHIZG@QL]ZuALYLw@HQDWXs@Jg@DGFUTa@Dc@Ta@TMDEFQJGLOVw@HMHQJu@L[C[@ELYLMBUDGPCPg@DYCEDUCM@KHQBa@d@iABK@U\\c@Na@@ORm@Pu@?MCEBUDMLQLoABGFCHe@^sABYp@{BBYRa@`@cBLU\\gAFg@NYJYLs@R_@v@sD@Oh@}AhAsEDGPg@Jq@J]FIJU^g@^{@FGNWPi@BQFIBQL]NYHMFCFMHoA?_@GWMI?MDEF@J^Ix@@RCp@Ib@WV]l@I^QXMb@?NQVMXILGTUb@Sj@CNSr@GLEAe@k@MIEQMWBQFGDMGUKASFUb@IDEAMPYL]t@IUSUYSQUICEB@JCDMv@OXEGEACJC@YYKYKMKc@Q[Y{AMUQw@E[Q]ASIMCMII?[GKMs@GGKy@Kg@i@kBOmA@_@A@AAAUAGEAEBMP[NIBYAC@ABG?GBMZi@d@O?KDEFMBMV]LCFo@L]\\]FY\\UFOJO@EBUNO?EHIHi@PGAGHs@TOLQBIGGk@GUAOKk@?[[{BAe@EOI{@]uBCIGC_@NHD_@}@Sw@FAABMAESGIWEa@SI@AEG@ECCIQCQMI@UE]?QOk@Uk@MG@UEw@UGKCMH[FsACaAAI[{@OSWJKAKDa@CEIEK@[AWCIAe@GgA@YLEJOPc@FWFk@FgAH_@Bs@HUBYJa@Bc@?a@QiBQq@QO[Mu@e@[KYWQI{@WSAKC', 'resource_state': 2}",False,False,False,False,everyone,False,g27268920,"[52.553034, 13.422817]","[52.555653, 13.463341]",2.461,4.74,True,167.8,180.0,False,True,56.0,45.5,18421125833,18421125833,B89756DC-8D16-4B65-826C-DD038E41F545-activity.fit,False,0,0,False,,,,,,
2,"{'id': 118736122, 'resource_state': 1}",Afternoon Run,4639.5,1859,1911,24.4,Run,Run,,Apple Watch Series 6,17296514587,2026-02-05T13:04:15Z,2026-02-05T14:04:15Z,(GMT+01:00) Europe/Berlin,3600.0,,,,0,3,0,1,0,"{'id': 'a17296514587', 'summary_polyline': 'kio_I_}|oAGf@ApACl@BPHHr@H\\Cr@DJDVDx@VLBLATHZCR@h@?HJFb@@RDDr@QP?p@UR?^D`@IN@VCP@VEZ?FHBxADf@?v@FpAJnDBRCp@?`@H~@?b@HbACpAJ~DCh@@dA@HAh@@v@LlEDTD|@?t@@LAd@DhAFR@VAjAD\\D`DBVJnDBPBjBD\\AlADn@NxHJfB?r@F`A?|@Bd@Cr@HlA?dADp@I^?j@CFIHI@KFWRa@BUPi@JKH[NWBKD]H[NK?c@LQ@e@\\W@g@Le@PKAWHw@NULs@Nc@Vo@Lm@R[FIHa@TWJSRU\\aAZu@FGCGYA]@IE]?i@@IAo@B]ScCGkCYuFOiAKOQE[Nw@?UDOAODGBOAUQIAUDq@AMBi@MWYSm@I}AO_B?aAM_AI{AAeAGs@Ac@Gm@Es@Am@MqCV{BHkBPo@@UAeA]gHA[Ec@CgAWmEGeCKqAEeAWcCIoAEkBMsB@aAGuAFqBHm@Dy@Jo@X_AHy@@KGOOOAICUBg@CM@Ij@wAh@_C', 'resource_state': 2}",False,False,False,False,everyone,False,g27268920,"[52.511161, 13.264094]","[52.513926, 13.264402]",2.496,4.353,True,169.2,181.0,False,True,69.1,52.7,18392729306,18392729306,107F8683-BFEF-47C6-AE64-D53D58205FB3-activity.fit,False,0,0,False,,,,,,
2,"{'id': 118736122, 'resource_state': 1}",3.6 + 0.35 + 2.05,6007.5,2301,2370,20.9,Run,Run,,Apple Watch Series 6,17271604691,2026-02-03T12:20:52Z,2026-02-03T13:20:52Z,(GMT+01:00) Europe/Berlin,3600.0,,,,1,5,0,1,0,"{'id': 'a17271604691', 'summary_polyline': 'aio_I{~|oAMjA@dAC`ADXJJlALt@ATB\\NhAXJBVCb@DJHRj@PPl@UXEn@CVGn@@fAEV?XCH@JRB`A@ZDNt@CXTHJFTLRd@d@T\\RZVx@TXPLHCPQZDl@?HGPHf@ZHHVh@H\\Rh@VXn@bAx@bA`AzAXn@^n@VTT@VPx@bAZn@FFL@b@hAfB`CTRXt@JNh@b@V@n@]RCr@Xp@|@XNNWp@_BFGL?THf@`@x@|@j@ZfALv@Tx@`@VFVBXC\\?`@D\\AXDTJb@JZThA^z@n@^A^BRILK|@e@t@YpBKb@Qd@Cb@KN?NEDEPw@h@mArAuBd@_AT[TOZg@j@kAVq@f@oCRg@T_@DEVi@Ry@Tq@EXKp@Yz@u@hBU`AcBvEOX_@ZQZ_@f@ITg@r@y@xAWv@Yf@KD]@UHi@Bi@PO@a@HaABWB]T_@NWVc@T_@Jg@DQIWc@a@Wo@Sa@Wu@QUK_@E_AB{AOOCs@c@g@Oq@KYAUMm@m@UKm@q@OGG@ILu@lBMFMGa@e@[i@SQ[OO@_@Va@LQ?WOMUOIW[i@gAqA_Bm@_A{AyBUWO?WQSSMQGCWm@Oe@EGGAe@aAIEs@kA_@c@[o@KCa@k@a@qAOGYAOIe@C_@QG?YVE@KAYOSWe@oA[_@_@o@]a@Sc@YIUBMACIE[A}@EMQF[@GA_@C]NSLICUC]Ba@HQAI@ICQA_@NW@CICu@IKk@RW@QAKCYOc@Ey@]_@Cq@K_@AWQGGAM?k@Dq@f@mF', 'resource_state': 2}",False,False,False,False,everyone,False,g27268920,"[52.510892, 13.264142]","[52.51081, 13.264631]",2.611,4.38,True,168.5,178.0,False,True,64.9,54.2,18367681805,18367681805,A4DD35A0-0061-4949-B850-3D23993A0950-activity.fit,False,1,0,False,,,,,,
2,"{'id': 118736122, 'resource_state': 1}","Skating, running or surviving",4323.1,1760,1800,20.1,Run,Run,,Apple Watch Series 6,17237890388,2026-01-31T12:36:16Z,2026-01-31T13:36:16Z,(GMT+01:00) Europe/Berlin,3600.0,,,,0,3,0,1,0,"{'id': 'a17237890388', 'summary_polyline': 'eho_Isa}oAIt@Q|@GfAAl@I`A@PFJLFPBP?j@Jd@@p@TPAFDP?HFP?H@LFt@JRIFFBt@BHNRF?LCVHHEr@MN@TGH@FAZ?PEP?FCHFNGZ?NIXAFNB|@Hb@H@j@EZT\\v@t@~@Vb@Vr@b@h@Xh@FBZ^Vb@Z^pAvBLLLFLNh@z@HPl@v@DNn@v@BHHLLx@JTLR\\VZjARzAAHHv@Bh@AZB\\?l@F~@APF\\@ZHb@@b@DN@z@Db@?l@Jl@@ZFVBp@Jt@NbBFRD`@d@zB@b@HVDh@XjAn@jDPl@JP@THn@J^@RFRBXB@@RNp@ZxBJX@TJ^@XFZ?TBBRAFDYIMcAYkAOaAMo@GOMy@EMKk@EIS}@?QKo@IUUaAAm@IMIC@IOu@KQEo@YuAAQ@KKc@@[GUQ[YeB[yEYqCBo@GWCA?MEGAc@CWEOEqBDs@C_@Ko@@SK}@Es@KWQy@O[u@_AAEECOYIIES[k@s@w@Yg@mAyAo@gA[]MGAIMOAKYYq@kA[a@AGDQG]g@qA]]u@cAUg@WIg@ACBACGBGAA{AEIGEYCe@FQGOJMAu@JIAMBIAGDAC@DEHCCGAEB[DICI@WPCC@AOGEE?ESYNT]y@IGq@KQ?QGSCG@YKa@Ak@M_@AMCK@g@OIGEII[AIBKB}@LaB', 'resource_state': 2}",False,False,False,False,everyone,False,g27268920,"[52.510722, 13.264532]","[52.510845, 13.263977]",2.456,4.4,True,158.5,178.0,False,True,65.0,47.6,18333623209,18333623209,285250A6-7AF3-4893-87DC-42870ABF65DC-activity.fit,False,0,0,False,,,,,,
2,"{'id': 118736122, 'resource_state': 1}",5 stetig : Icy roads,5008.9,1939,1960,24.0,Run,Run,,Apple Watch Series 6,17205431227,2026-01-28T12:46:53Z,2026-01-28T13:46:53Z,(GMT+01:00) Europe/Berlin,3600.0,,,,0,4,0,1,0,"{'id': 'a17205431227', 'summary_polyline': 'gio_Ie||oAOxAEr@?RDJHDL?z@L^?l@DVF`@Pj@FLFNDR@PCR@F@FJ@PLb@ZHNEbAOr@Wr@ALEbAEHK^FFF@HPdGHd@?rANpAE~ADx@FvCBN@xAB~@CfAFpAAXDjA?nAJlA?xADj@CNBv@?p@RjD?bABVEtAFf@FzADNDjAAl@NtCCd@J~C?rAB~@DX?p@FbAFxDFp@A|ADvABJ@\\ALGFBl@AXEJe@Hm@TOBYN]DOHMBa@PW@WLa@LQBQJcAXq@VM@c@Js@Xs@Jm@RYTYJk@J[HQJu@B_@Zg@x@QHg@Hm@X[FIKE]KoDUuF?aAM_EEe@QsAGEQCa@Bg@?i@F[HIVEFKFGLE^Ad@EHMDOCG@OBUB[HGCWFEiA_@KIMCW@OAUBGJG@GDm@QeBAe@YiEG_@EoAU_DGuA?s@K{A@s@LsAL_A?SIKAMF[Vk@Dc@[iFGyCE}@C_AEg@@u@Ag@OaBOmCOkAGoA_@qEEyBGg@EcCB}ANuBLmABmBBYCUDEDyAHe@Z{@XwAHSNs@Tg@bAsA\\]P]d@i@Ra@Ng@', 'resource_state': 2}",False,False,False,False,everyone,False,g27268920,"[52.510858, 13.264135]","[52.512608, 13.265394]",2.583,4.483,True,170.5,184.0,False,True,69.1,52.7,18300957792,18300957792,E5051D8A-5711-4145-B227-264CFB1FC8F6-activity.fit,False,0,0,False,,,,,,
2,"{'id': 118736122, 'resource_state': 1}",Afternoon Run,4505.2,2082,2111,23.5,Run,Run,,Apple Watch Series 6,17183084420,2026-01-26T14:12:02Z,2026-01-26T15:12:02Z,(GMT+01:00) Europe/Berlin,3600.0,,,,0,0,0,1,0,"{'id': 'a17183084420', 'summary_polyline': 'uho_Ie`}oA]fDAh@?f@BVFHLFZHf@@p@ALBJHDA~@^ZCh@LR@TCHFFNDf@BJB@l@Yf@Gb@Ql@Oj@Ht@If@HJAVBDH@n@HdADfCFvA?n@NxACfADj@?|@CfAFzBHl@?b@Ep@@t@R`ECj@JhBAdANbCAvBD|@BzAHpAHjCFt@?\\BT?~@DhABVAhBBv@A\\H~A?~@Fd@@pAFh@AfAJfD@zBDp@@bCCb@QLa@JSJ]DMFQ@_@PUBq@Zi@Le@PEAYPm@L]JI?w@X}@VGF{@NMF]De@RM@}@V[To@L[Ps@z@e@JQHK@KEWYe@}CKaBO{D@c@IcA?s@WmDKMMGMAY@ODUCWFIAc@BOI_@IIWCS?{@ES?]Es@@QCo@@y@E]A{@Ce@EsBGe@?cAGkAC}@IoA@YHo@?IEQSq@m@mAc@sAKi@MkB@cAKw@Am@Bg@SoDMcB?c@Em@CaBMyACaAGaA[mBW_CCsCC]Ba@GoAOcAAc@B]?a@Dm@PqAL{BHWBe@H_@D}AXe@Nu@Zq@Rs@Zi@Pc@', 'resource_state': 2}",False,False,False,True,only_me,False,g27268920,"[52.510846, 13.264347]","[52.513541, 13.265019]",2.164,4.16,True,155.5,187.0,False,True,69.1,52.7,18278525692,18278525692,A24361CC-BAE7-4EB9-B889-097C33FBE2DC-activity.fit,False,0,0,False,,,,,,
2,"{'id': 118736122, 'resource_state': 1}",4 stetig,4006.6,1531,1538,21.8,Run,Run,0.0,Apple Watch Series 6,17151374217,2026-01-23T15:19:56Z,2026-01-23T16:19:56Z,(GMT+01:00) Europe/Berlin,3600.0,,,,1,4,0,1,0,"{'id': 'a17151374217', 'summary_polyline': 'kco_Iwu|oAb@RXFj@@t@EPb@VRNA`@MP@RE`@AZBVA^ETGVETDh@AH@FZTfIDZAp@FbAAjBHrAH`DAVDrEF`@?`AFfACxB@z@Hx@?\\FbA?h@Dt@BvAJjBBtA?`AJpA?lADd@BpBBj@?vADh@?pBJrC?r@XrF@j@AhANnEBdDDnAHZ?`ALz@AxADRArAB\\BrAFj@@hADh@@zABN@j@?|@JdAArB@l@Z|EA`@HzABzABTHpGDx@?v@JhB?~ADh@EMGkAIiA@c@CW@i@Iy@KCEB[?q@PG?GMIa@WSOFK@OFa@@m@PQCW@[Le@FU?WD[?gAPKAGESYWKIIEWC}AUqCMgAOqCKw@OeBKs@A]QcBAg@Ow@CYOcAGu@CuA', 'resource_state': 2}",False,False,False,False,everyone,False,g27268920,"[52.511638, 13.262876]","[52.511056, 13.241176]",2.617,3.8,True,172.7,182.0,False,True,71.5,52.8,18246460312,18246460312,677AA0BF-A69B-4A6E-AD74-B8686A245DF5-activity.fit,False,1,0,False,,,,,,
2,"{'id': 118736122, 'resource_state': 1}",5 stetig,5008.4,1939,1956,25.2,Run,Run,,Apple Watch Series 6,17115597063,2026-01-20T12:53:13Z,2026-01-20T13:53:13Z,(GMT+01:00) Europe/Berlin,3600.0,,,,0,3,0,1,0,"{'id': 'a17115597063', 'summary_polyline': 'who_Iw`}oAEh@S~AKlB@^NRh@@|@LRAXD\\Nf@LLH`@DL@\\EL@LBTr@DHJDb@EjACXE\\?XEd@CVIVBHERANBDLJhCD`@H|EHjAAjAFn@?`AD|@B~BJ~BCVDf@Af@DPC^@zB@ZFT?f@Dn@Ah@@`@Hv@Cf@DpA?|ADz@@n@Jn@AZ?~@F^DlALdBAf@BPCr@Bx@Fp@Cx@Dn@?d@JvA?~ABPA`BH`DFd@A~@Dv@A\\Fr@@nAI`AKTGFSBg@VUFc@TM?QJOBKLKFe@HQ?EDKAMLMF[AO@_@NOJ[F[Ns@Ne@LGECg@EMEAOJc@@a@^UBG?OBSbAGLWJS@e@RaAXKLKTW`@OFYB_@Pq@TEACMAg@Ee@CmABYOcB?q@M_C@UKqCQ}CIg@GCi@Js@IKFOA_@B]HORETATFf@CNSFa@BSFe@BGDUBCEAG@w@CEMIO@EEAcALO?o@WwCMsB?e@OwAGyAQyBCq@MaA?e@Ce@?}ALgBNgABy@Pi@BSIkBKqBC_A@iAOqBKaDOiBCsBM}AWkBUyDAq@K{@A[G[BkA@kAGgBPqBl@aD?_@Ma@AWFyALq@d@sAT}@|@uBH[f@s@t@kAFETe@X_@', 'resource_state': 2}",False,False,False,False,everyone,False,g27268920,"[52.510931, 13.264509]","[52.512876, 13.266043]",2.583,5.24,True,176.9,186.0,False,True,69.7,52.7,18210438648,18210438648,E71180C3-877B-4CD3-AD46-09F61F1FFD9A-activity.fit,False,0,0,False,,,,,,
2,"{'id': 118736122, 'resource_state': 1}",Recovery 🤒,3003.9,1101,1153,11.1,Run,Run,0.0,Strava App,17094110500,2026-01-18T14:33:19Z,2026-01-18T15:33:19Z,(GMT+01:00) Europe/Berlin,3600.0,,,,0,5,0,1,0,"{'id': 'a17094110500', 'summary_polyline': 'qho_Ic`}oAId@IdAIrABd@Iz@Ah@S^k@JECKBOKOAOEWACCg@GGGG@KGM@SGOBWICGM@YGY?OCY?SICGKHCAC@_@IO?UII@OHS[SAKGCGQIGAIFICEBMAEEG?EAKFWKKDSEUJQ]COEGMCSm@MSIWEGKEEGCQEES?EJI@KKGOI@GFMDEEIKGHENMMEAOCCJMCIOSKGGI@GGYMGMGGOGGQKFQUE@ABOEMMEB[SI@IKI?EKOEQSGCIKU?[OKJC?QQA@Q[KIO]EAEBCDE?[EOOQEACOGIASM?EYEa@[a@MG?GKEAEI@MHc@RaCHq@NaC@[WKM?c@OI?gAc@I@UMIAYOI?[GKISEWOeA_@HIFeAL}@@CP@Hg@?IEMI?a@OMIJH`@NRNCVIZSDW`CBJL@PH@EBBRBbA`@VLFFHAHFVFXRVDD?TJ`AVNHNP?XY|CIlA@NDFTHBFDADFLFL?BAPJJB^TDFDNVL@VBNFFHRJb@h@f@LBVPN?`@TH@RRJEVN@HDDRLJB', 'resource_state': 2}",False,False,False,False,everyone,False,g27268920,"[52.510901, 13.264437]","[52.516912, 13.260744]",2.728,4.42,False,,,False,False,63.7,51.2,18188787306,18188787306,FA472D2B-27A0-4D16-98BC-4667FD0ADF6A-activity.fit,False,0,0,False,,,,,,
2,"{'id': 118736122, 'resource_state': 1}",Last long run of 25,14008.5,5548,5719,83.4,Run,Run,2.0,Apple Watch Series 6,16865751221,2025-12-28T13:49:49Z,2025-12-28T14:49:49Z,(GMT+01:00) Europe/Berlin,3600.0,,,,3,5,0,1,0,"{'id': 'a16865751221', 'summary_polyline': 'mho_Iga}oAc@fBD`AKVHLIfAIHLr@GJ`@Ij@FLSGFHZ\\[^N_@CfA\\KJNa@J??ELf@IUj@D@PRO?j@VYp@JGXNIBj@VTb@Y?PCSp@SAXTY\\RR_@ZGN@?N`@Qr@Lz@MHHFjB|@CrB`Dd@pAtAxA\\v@nIpLRxAp@v@ZlAXtDF~CPlAZpDGtAPpALP?~B`AlEZtBBdALl@\\`@HfAv@hCN|Bz@|C\\`DNzCGbB^zDKp@KlB^lBCh@^bAHt@Cv@Lx@nCjJv@hAf@vBdAhBl@|@\\|BXt@^bCZ~@Cj@TfBCfBT|@t@N^p@\\AnCfDpA|CzBjJh@`@v@QFv@a@t@}Az@gAjAMb@]Jq@|@Y@wAdAs@fAiA|@q@tAWCiA|A]FO\\Dn@Xd@^XX|AIlAN`BO\\c@lCDbCMh@Jv@Il@t@|EZhAZ~DE~AJf@k@dHApB[bBQzCm@`ECbASp@iAzGQtBOh@HXv@d@l@jCx@|BLz@Cb@TXJj@bBzAd@dAf@ZnClDz@jAZ|@d@`@lCpHn@~BhCxFHh@PJt@`Bl@LrAj@jAjA~E~ATRr@rBN`BG\\XtAGb@LNJv@?`BUt@u@S]a@oC_@kAhAKA}DiAy@y@wAw@w@CU`A?hAHv@b@t@~CzBlFtAbCEvDiAn@HiB`@|@g@n@FxAnAj@|@bCjHxAtBrBb@tAAsCMaA]u@u@iAyBqB_G_EmEGs@JeC?eDc@_DDgA_BiCeBe@i@JAUYHmDcD_@_A][o@gCUUWeAQS{EoNoCgFeE{FeAoC[c@kAaDO{@UM_@sAMAs@_Ca@k@k@_BeAsASs@YOgAqCe@k@eA[gCEeB\\sBPmE]a@k@WPe@Qy@m@c@cAm@iAw@m@gB]sBm@aB_A}@_AW_AkB}Ci@yAiAsB{@k@sCm@WUu@QkBiBO]kByA{AyAk@qAaBkA@k@f@i@bCa@nBApAgAhAkD~@gBFe@ZIj@iAj@[Xq@x@s@@m@PKR{@~@iATw@ZUbBoFPKP}@^c@fBgErAgGb@c@z@?La@MiBXgADw@[oFDsBI[GcFQaBEuB?{CW}A?gBQqAHa@CmAISFiBSaCPmA_@mEA_EIgEIa@EqD_@mEAaAHcCMqA@}AGiB]sGDqAQgBL{@OyC', 'resource_state': 2}",False,False,False,False,everyone,False,g27268920,"[52.51077, 13.264537]","[52.508455, 13.252886]",2.525,5.5,True,161.6,175.0,False,True,69.3,33.3,17957869423,17957869423,383ACE7E-C45D-448B-8EB9-19AD5B8C3480-activity.fit,False,0,1,False,,,,,,
2,"{'id': 118736122, 'resource_state': 1}",Hamburg train ft. Max & Marlene,7014.5,2718,2925,32.7,Run,Run,,Apple Watch Series 6,16845692456,2025-12-26T14:17:58Z,2025-12-26T15:17:58Z,(GMT+01:00) Europe/Berlin,3600.0,,,,0,3,1,3,0,"{'id': 'a16845692456', 'summary_polyline': '{fbfI}u~{@K@a@C[UEGa@kA[i@g@qAW{AaAmDKe@U]GAIFI?GG?OO}@]kAC[SkAKaAEw@?aAHwAFc@?OGOKMKKG?EKCe@w@kBMaAM_@CGMKCIYg@Mk@e@s@U{AYo@_@]GK?IGHYJM@ECa@q@u@qAQM]QOa@c@cBGsEBo@B_@COAEQGM@UKa@Em@q@w@aAg@aASSOYOMQUg@_ASq@UeAQe@Kg@Eg@?SJuACm@LyAPe@NWJ]LMb@u@J_@Bg@Ei@Aq@KmBCcCQeB?mAIm@SmCQ{AIiEKy@GiADc@IkADeBCg@NsAEi@BcBCsA@]J}@FaAGq@OgAK{ASe@UYe@}@Oy@AcA@mCEw@DiBIqED}AJaANy@ZcALeABwAKsBKgA@{@P}AL{@Rs@PkALg@DIFAN@r@Vh@^TFr@p@XL^XTHJ@VR\\Pp@Vb@Z`@`@TDd@V\\Hp@j@`@PTFNPb@X\\LXRJ@DABIFi@ZoAHe@FODCNF~@Nf@KF?ZNZTf@RPKXYH]FaA`@uBTiBf@uBN_BNq@HQF?v@TVVRDRRr@ZZV`@LPZ`@|AL`AJrAB|@?zAM`BAdAG|@EbBGt@At@Il@HjDQtAm@hDWhBOx@Ix@]fB[bCk@tCW~AUz@QbBEVO`BWlAQfAMzAo@jEY|@E^GPEJa@\\MREH?dAGb@BZ?h@Gv@GRD`@@^LzADdBH~@@zAHj@Dv@@xADd@IdADrEX~BPnDHt@PvCLx@BtAAj@@RCHN`A@~@F^Tr@Dx@Fh@L|ADP@f@DTCvDK|A?tA]|CG^Uf@MN_@VKLUJOLKD_@A_@Xi@HICSYI?s@vCF`AL\\PRLVRrAH`AB~@Jx@?l@HnAT|@B|@D`@Nn@TZFNHr@Nn@Zl@HTHJHIFAHHRbAFl@z@`CRZ\\?', 'resource_state': 2}",False,False,False,False,everyone,False,g27268920,"[53.591172, 9.992807]","[53.591378, 9.992604]",2.581,3.88,True,164.6,183.0,False,True,25.7,7.5,17937448075,17937448075,6408BB75-2017-4603-8757-BDB9195B91CC-activity.fit,False,0,2,False,,,,,,
2,"{'id': 118736122, 'resource_state': 1}",Afternoon Run,2023.2,649,659,6.2,Run,Run,0.0,Apple Watch Series 6,16810616425,2025-12-22T12:45:36Z,2025-12-22T13:45:36Z,(GMT+01:00) Europe/Berlin,3600.0,,,,0,4,0,1,0,"{'id': 'a16810616425', 'summary_polyline': 'gio_Iy}|oAGt@?d@In@?`@BZRLPDh@?XDb@?h@NZR^F\\@PFx@AFDDJHn@x@]`@I\\@f@C|@@p@CXBn@AHDNzCBpBLhD?nBFfAAdBB^@nAJnAAn@Es@?oCAeAOm@Ek@BuAGaAAiBGmBG{@As@IcAEo@IIG?]Ho@?IFUFOCi@CoBJKJU@IMI_@KQECOBUL[EMDWG', 'resource_state': 2}",False,False,False,False,everyone,False,g27268920,"[52.511073, 13.26415]","[52.512133, 13.261747]",3.117,4.84,True,167.5,181.0,False,True,65.0,61.5,17901821904,17901821904,9D731CDC-3E46-459A-996F-3448FD1A601A-activity.fit,False,0,0,False,,,,,,
2,"{'id': 118736122, 'resource_state': 1}",Pberg - Malchow,13017.6,5128,5226,21.5,Run,Run,2.0,Apple Watch Series 6,16793705623,2025-12-20T12:48:47Z,2025-12-20T13:48:47Z,(GMT+01:00) Europe/Berlin,3600.0,,,,0,4,2,1,0,"{'id': 'a16793705623', 'summary_polyline': 'kew_Iyh}pAXeE|@{DDy@bAeCV{A\\gAPKPmBo@Gi@u@Q}@QImAgDCu@[Co@mAO}@_AyBAUNSCc@QOk@oBYa@SsAWu@uAgCs@}CQ_@@UU_@Ge@m@kBA_@o@uA?eAQaAW]]B}@cCSSMBAMo@c@Im@Yg@]gBs@wAC]i@sAk@qBi@i@_AeE_@w@E[ICk@aCQQ]cBQK]eB_@wAm@oAu@{C[w@OMS_Am@oAeAoCMo@SQIc@UCCm@QOUsAaAeDSKQuAaAcDm@mASy@_@]?WpAkE~AqEj@sBAUgCiEYQiCeEmC{COc@kAaBJYA]y@w@Mc@uAaBWu@Gi@@u@XoEJgDVaDd@cLFiGZiE{HwE_@a@Sy@Ya@w@uCiBqFqAmFqByEa@uAa@q@}AcFNq@hAyBhEcLvA{DAMs@s@kH{JmDkFgDoEGYu@gAe@]sAuB{BeCI}@y@eDMa@IDo@zA]VVQf@cADa@MY[Ky@gAH}@ESQZf@hAuBkCaAu@QaBw@JeC?s@I}@PkEDyBjA_@l@@MEZOREv@FjEIbBHXKZA`C@aAf@FJg@p@ZbCTPnB^h@XF\\p@H^Eh@Fx@`ARpBfAl@BpAf@f@JZObAHFJLQ`BQpBuCVaAPuAJqCHUTAhEhG|DfGhPjU?XsH`Sq@fAAVJHjArC`@r@VhAvApDb@bBR\\F^`AbCh@vB`AbCb@tAR`AR\\XzArA|@dCvAb@ZJLHv@z@v@KhAQvF?hAKz@kA~U@dAFXPHDLK|BQtB\\l@bC|CHRM`@DT~CvDjBlCv@bAv@j@^h@nAb@f@d@Xj@BJMp@e@`A}@nDi@lAYlA]l@Mx@IH[tAl@`@p@jAN`AhBdFDh@d@jBV`@Tl@?Xj@dA^xA`@~@?^Rx@j@v@Tr@LDNl@b@l@|A`Gd@d@L`AR\\Ar@tAhDBTHBTz@Gn@n@dAH@NVJr@Zj@B^f@jB`@XEVPR@J^Rl@tAGl@LDHx@TLNZC`@Ll@d@jAVjAXf@H|BTRLp@XZLCXt@b@d@d@hBh@lAFd@x@rACZVt@PdA^j@Jp@\\`@HP`@lBDTKEFNn@`ATn@z@jAL`A?\\^`@Rt@h@bAPn@?v@`A`ALZRJPbAn@v@Nh@FMTHYd@{AlE', 'resource_state': 2}",False,False,False,False,everyone,False,g27268920,"[52.553029, 13.422771]","[52.552678, 13.426357]",2.539,4.32,True,170.8,179.0,False,True,54.9,46.3,17884668997,17884668997,5D188D04-AEFF-4AB9-B11C-F1232DD95FE8-activity.fit,False,0,4,False,,,,,,
2,"{'id': 118736122, 'resource_state': 1}",Michelangelo,5077.3,1984,2127,14.7,Run,Run,0.0,Apple Watch Series 6,16776245799,2025-12-18T12:40:42Z,2025-12-18T13:40:42Z,(GMT+01:00) Europe/Berlin,3600.0,,,,0,4,0,1,0,"{'id': 'a16776245799', 'summary_polyline': 'idw_Imo}pABYDMHi@Xy@F[FIFWB[HM@M?IBMHQFYT[DOJg@Dm@JWFWVs@?DA?ZmBPGLMVaAv@}B@KJWPw@FMn@oBr@sCHQNw@~@wCJS\\{At@iCBSh@yAPo@Tw@@O^gAF_@La@BUd@gAPk@Dg@HQJc@LS?QN_@BMFGBSAKKSKKB?Rm@Ha@JSLe@BUNUJi@HKBYNW@[NYNi@N]l@sBBOFG\\GPWHSJy@HODo@LUDQJOBKDw@BMBCB?^i@BUJU?KR[?MDCPg@@UBKJWJM@UDMBIRSJc@Vm@Nw@GWJi@Pi@Fa@FMH_@Xq@H]Fk@VeAZy@@Sp@gCb@kAFa@Rs@Rg@BUh@wBLy@Nm@h@}ABWL]BWL_@BOFINk@@ORm@JQFUZu@?Gb@{@DC@Ol@mAW`@MZKPCNOXQl@GFO`@KJY~@GLk@~BMXId@]bAMv@M\\CVS~@A?If@Wr@Id@O\\[bAUdAWp@YlAO\\YpAWt@CP@\\Ud@KJSr@GHG\\Qh@It@EHBVBHAHINCTITAPOf@GLKDKXEZAC@?GL@P_@xAGH?LM^?JORQh@IFOn@M\\GDOn@Kv@GPETKJAPINGFIBGAGBICEDIVMV[rAILMr@ILOl@Qd@EHI\\O^E@Kz@UfAK^IDALATP^?ZOZI`@c@lAEPGLId@K\\ALK\\MPQx@GNc@lB]pAQd@CRMTg@tAU~@IHIh@O\\g@jBSl@IJUOSQULGAGEA@DZNP@RHZ@JG^BL?`@ILAHe@zAc@bAs@tCKR[|@i@tBHJVJXD^TA@CAOfAY\\EPIP_@dBM`@IDIx@o@hBU|@MPM^', 'resource_state': 2}",False,False,False,False,everyone,False,g27268920,"[52.552951, 13.423927]","[52.55247, 13.424254]",2.559,4.16,True,167.6,179.0,False,True,53.9,47.5,17866944067,17866944067,2DB667F9-6989-45DE-BE07-F660D57066D7-activity.fit,False,0,1,False,,,,,,
2,"{'id': 118736122, 'resource_state': 1}",Morning stetig 4,4022.9,1555,1561,23.7,Run,Run,,Apple Watch Series 6,16755403254,2025-12-16T07:25:19Z,2025-12-16T08:25:19Z,(GMT+01:00) Europe/Berlin,3600.0,,,,1,3,0,1,0,"{'id': 'a16755403254', 'summary_polyline': 'cho_Ika}oA[pBSnDD\\HHPC^B\\FHD`@B|@NF?HDp@BXH`AHBRBx@FPJ@VIV?`AUR?HBDCTCTOZEZCf@Dl@EBHRlHF|EDh@AXRfH@h@AhBFfAFxCARNnDAV@|AD^BvADTD|AANJjCHtEJpBBrCNdE@fBNzD@t@Ab@NzBCjBH|@ATGHk@To@NOJM@OHe@Fy@ZU@OHOB[LMB_@Pk@NM@c@Pm@NU@KHUDi@VSF[B{@ZW@MDGAOFM@c@NMEEMA[UcAMw@?MKSIe@{@_EYaB_@yAUiBSw@AOQm@k@_DcA{DKk@i@gAYe@GQ{B{Ee@kA]k@k@_BSgAEmBQyB?s@MyAA{@CGA}@MuB?g@MaCAw@SaCSkAGaAE[Aw@CW@QG[GsB?oABSA]@aAA_BJeACUD[AeBHg@?QJg@BYJQ`@CTFLI@@', 'resource_state': 2}",False,False,False,False,everyone,False,g27268920,"[52.510529, 13.264266]","[52.513523, 13.259814]",2.587,3.96,True,168.9,182.0,False,True,68.8,52.7,17845888168,17845888168,5A54B753-F3F1-4FD3-A871-D433DE4B4C5E-activity.fit,False,1,1,False,,,,,,
2,"{'id': 118736122, 'resource_state': 1}",Afternoon Run,705.4,296,296,0.0,Run,Run,,Apple Watch Series 6,16731186557,2025-12-13T13:59:45Z,2025-12-13T14:59:45Z,(GMT+01:00) Europe/Berlin,3600.0,,,,0,0,0,1,0,"{'id': 'a16731186557', 'summary_polyline': 'g~v_Iuy{pAUCUKY@]_@CGAM@S]MIIA@e@ECCc@g@IUE?II]s@SGIUEUM]AYDg@AQ', 'resource_state': 2}",False,False,False,True,only_me,False,g27268920,"[52.549311, 13.416187]","[52.553098, 13.422661]",2.383,4.1,True,157.0,171.0,False,True,58.3,52.3,17821358678,17821358678,1214B3E6-26E7-4E4D-AD2B-AF5C58DEBDFC-activity.fit,False,0,0,False,,,,,,
2,"{'id': 118736122, 'resource_state': 1}",10 - 1 ft. Oliver at GesundB,9009.1,3597,3985,64.1,Run,Run,,Apple Watch Series 6,16730962027,2025-12-13T12:27:49Z,2025-12-13T13:27:49Z,(GMT+01:00) Europe/Berlin,3600.0,,,,3,5,0,1,0,"{'id': 'a16730962027', 'summary_polyline': 'qhv_IqwupAEx@Dh@CPJvCD\\LPFj@HTJnA^nBZ|@Hp@TZDNTPp@o@Pq@J_A?_AM_AM[u@m@g@AFNj@\\Xj@Lv@At@GXGA@e@CMUm@OSEAEXQJEa@OZTQDPPWF?LNRf@Dx@BBDKA[DUIaAKYy@{@BOHA`Ap@P\\Jf@?jB[~A]^Q@[UQg@U}@Oy@MSSu@QoAKgAIOEFANHb@HrADFNr@F|@DDT`Bt@zCz@dCnAnBh@jAx@nA~A~Ax@\\`BT~@G|By@LMp@l@t@eAn@yARITw@f@iA`AkBLHJVF@DTHJXDDr@VXBPb@v@n@hBP\\z@x@h@xAHLPBHR?VLZ@`AMPCLDJLRP@z@UX`ANLJ^^Xb@lA^v@TTVh@Nb@Zn@HDF^h@x@AXHTp@fANb@`@h@H?A\\\\Rn@xAZz@DRET_@hAe@t@CXFJOEKN?p@n@pBBNVTLb@LPFNAPVp@P|@l@pAV~@PZZ`ALj@PXDXb@jAR^Tr@DX?v@Zt@?FWb@i@n@i@b@e@v@?ZLJLd@^vCWd@wA`AIn@AbAUZYtAOZwAbGU`@Ep@]hA@tA[^@hAULFh@Rn@Dj@JB?p@i@hC@Vk@|BGj@o@vAAp@M^QjAQd@a@~BKz@WdAUbBW`A[~BM~C?|@P|CPpAAFOHC`@LlAh@|CFdAN^@jAXdALjAH`BYb@JZVJDRCjA@pBBBCiEOKMc@Nm@?i@Oq@QyBK_@[yBMaBm@kEXc@Mg@?]GSIiAEoAFwC\\sCnAoHf@cCNuAFS?YP_@XyAXs@|AkIDg@A{@R{@k@oAEWRg@F[FmAp@{Cf@aBvAyFDq@Xi@FiAHO~@g@PUHUkAkH@MrBcCTc@]y@U]Os@UOaAqDw@aC]e@Mm@k@iAS_AKMY}@GEMg@Um@KBB?CON]?e@Nm@h@kAv@qAAi@i@iAs@cAGYKIc@oAW[g@}@Y{@gAuBQGGg@KWq@sAQK[k@kAyCWYeALOEAYRWMs@KcAHSB][o@NSg@eA]Io@aA_@aAw@aBi@y@]qAi@a@_@eAC[MMQi@Ca@GMI?OWCo@OYAaA]mC_@gCe@mBc@oCi@wBCASoAUy@c@]UkAUaAGGg@cDi@BwB~A}Ax@u@h@IN_EjC', 'resource_state': 2}",False,False,False,False,everyone,False,g27268920,"[52.54826, 13.389296]","[52.548122, 13.38731]",2.505,4.4,True,176.0,185.0,False,True,85.5,33.2,17821127668,17821127668,6E5CBE1E-163C-4D6A-BF23-7B3AA12837E3-activity.fit,False,1,3,False,,,,,,
2,"{'id': 118736122, 'resource_state': 1}",1.6 + 0.4 x 6 + 1.4,6127.6,2606,2704,3.7,Run,Run,0.0,Runna,16694872494,2025-12-09T15:10:32Z,2025-12-09T16:10:32Z,(GMT+01:00) Europe/Berlin,3600.0,,,,5,3,0,1,0,"{'id': 'a16694872494', 'summary_polyline': 'glo_Ie}}oAUm@[q@QLCW_@o@iCqAGAIZFm@?Ou@KOKGMa@G[YYEEI@m@XmABe@AIDCAURwA?_@Fc@AOPqAH_@F_AuB_Ak@M{Ai@DCBUOO?s@E[K]]_@q@Lc@p@K\\AND~@LRFRXXPJPCLMNi@d@_ACk@IWASOUi@Sg@FNrBc@}AKLIj@?r@N|@Zf@p@HZYZ}@Bu@Iq@Qe@i@Wi@FYXGNIt@Aj@T|@|@][VLP?J^CXWGYZ?Hc@IwAISY[g@I]JSRKZEnANv@d@p@^HLE\\]Pg@Dw@Cc@Gk@GIk@[c@@OFORU|@A`@L|@b@p@RJN?`@UXe@JkAC[Ke@a@i@m@E[LUb@Ib@?j@P|@P`@LLTH`@G^i@DMB]?uAM]c@S@LCISGNKEA]BOJALGAORMt@?f@`@nAfAcAUn@AJBND@TQLg@Dw@FOBa@AQMQu@e@Q?ELWDWdACx@|@dBLHl@]H[JIL{@Ck@EQGUW[g@Oe@J[l@Ix@@`@Jj@`@l@RL^EXULWLy@BWGq@Qa@g@c@e@DTOOBEGe@fAId@BnANj@PR`@Fl@QPa@Jq@?u@Oo@KSa@CBOUA?L[HMLO`@E~@?ZDPVn@B@DOh@BXKf@yA?WSo@OGGWE?LXs@k@KVGCCSSTUb@Ib@Bf@Cd@L\\PJ\\d@b@?LENSZs@By@A[Qm@a@g@c@@c@XSf@K~@DNDZL`@\\`@h@Fl@i@Lo@?}@Qy@SUFDCA]Ue@@]ZSn@@nANf@LLPZj@BRMT]J]Dk@C]Fk@c@w@a@M]TU@Wj@Kv@XvARVb@HPGNWXcCEYOQWKa@G]FYb@Kd@?XL`ATl@FdAKrAMQJ`@QDJh@I\\Ad@Mb@?d@Hr@Ip@@LHJl@J?MHTl@D^NTTd@LXXFAz@XDg@@^d@`@dDhADRPXV_@Md@VDNPr@JLJ\\t@RPN`@@H_@|@IJCNF^APG?E\\QDEPIB?Hc@P]f@G`@Wd@?PC@?RBLAF]L?JQJ]IMRK|@CDGRA\\e@`@AFLf@AXF\\FlAC^?~AIx@EHBD?YGSDO?gAGsA[mC', 'resource_state': 2}",False,False,False,False,everyone,False,g27268920,"[52.511075, 13.264317]","[52.51307, 13.265877]",2.351,4.78,True,172.1,191.0,False,True,65.5,61.5,17784609196,17784609196,25B63D1A-817C-45BB-AB94-26D5F777580C.fit,False,1,1,False,72.4,202.0,328.0,207.0,True,526.3
2,"{'id': 118736122, 'resource_state': 1}",Around and beyond devil’s hill: 8 + 0.2 + 3.8,12016.0,5142,5162,82.2,Run,Run,,Apple Watch Series 6,16666429378,2025-12-06T13:04:13Z,2025-12-06T14:04:13Z,(GMT+01:00) Europe/Berlin,3600.0,,,,3,4,2,1,0,"{'id': 'a16666429378', 'summary_polyline': 'aio_I{||oASnC@NJT^LvAFpB^jBHHLDfAPJxCg@j@BlAYdAAFTDbBZHd@ERP^~@nApBL\\rDdFNZ`DnEpBtCj@~@@h@^dB^nEAxAJ~AL`A?xAJ`AH\\Ar@LfAC^XnCLXBT\\n@\\fADz@Rh@Kp@Jt@n@rBJ~@d@xBFp@h@hCb@|CPz@@rBFn@@vBP|DEdBFbA?h@LhA\\nAEj@H|At@xBR\\z@nD`@|@^fA?NLLxC|FLFJ~@j@pD^xALz@HhBXvC^`@xAx@@LrApAlAhBz@zBx@xCr@fDP^`@^nAA`@x@Rd@Lp@@`@QdAFVER@PNl@z@~CdClFtBxDXL@HfAvANl@?o@TaAp@iBNq@LCt@iBf@uAPcADBJb@LHRj@x@h@N^fAxAVp@NDb@v@PNHV\\ZTJNVBPp@|@R\\Zp@v@p@vA|BTHP\\TNR^f@ZBXrAjB`BrC~BtCTN~@fBNH~AdBlAlBl@t@Zn@XVd@|@b@\\P`@RlAHLCNf@x@PDx@YNFf@bBt@dAhA`AXh@c@{@a@Iy@_Ae@w@_@cAAe@z@cAfBc@NSXy@E]PFu@O}B}AW]Qm@SeAo@mB][Og@QKKo@Uu@}@cBQo@WYGYKKK_@Yi@QGcAqB_@uAG]k@sAi@gBO_@g@qBkBoF_AmDWqAKYgAwAk@sAAOg@kASo@?OYk@Ii@GcAOmAMqB@SQm@?uBRgBPu@B_@J[?e@f@mCr@qDJYJqABmC[oGQsAY_AIcCa@aCGgAWiBE_ADiKAaAF_BAcLCUB]KyEAqCGsABUAwBGs@CwEG{ABYIuDeAgAI]aAyAy@o@gBkCmB{Bc@w@uAiBQI{ADcBZ[\\YFyCH_A\\[GYF]XaACiCt@UTcA^k@?YQA[s@KaCcAGIwAG}@LcC}@_@WoAQEO_BcA]a@CKQIUZShAQVOj@YO]aA_Aq@]AQ\\]V]Ie@_@Ma@UKI[KIASmBkCo@gA_@YiAyAm@[Oc@YWi@{@G]Yk@MEw@_Aw@yAU[G?_@sAQYe@Ou@AMHQQUBKXI?q@y@GY@G`AmAZYp@MBUCa@O[GCWR[t@]f@{@dAq@kA]cASMQWaATEQBQAqAES]J}ANwAEs@PUT}@BGMC}@KQ_CIUKeD_@oAYSk@A}A', 'resource_state': 2}",False,False,False,False,everyone,False,g27268920,"[52.511082, 13.264034]","[52.512361, 13.26412]",2.337,4.26,True,170.1,180.0,False,True,65.0,37.9,17755676397,17755676397,BB8CF1DE-34AF-4118-BF94-1FC6AAE40091-activity.fit,False,0,3,False,,,,,,
2,"{'id': 118736122, 'resource_state': 1}",3 + [],4007.4,1577,1590,14.0,Run,Run,,Apple Watch Series 6,16647717792,2025-12-04T12:31:29Z,2025-12-04T13:31:29Z,(GMT+01:00) Europe/Berlin,3600.0,,,,0,1,1,1,0,"{'id': 'a16647717792', 'summary_polyline': 'epo_Ieu|oAQE_@Ai@IeAY_@?i@IYCO@KDMl@OtAAjAHzGJ~@@r@N|@FpA?ZK`@KHKDYDKFQBa@Xi@HYLU^CXHfA@j@JrADrBXbFFpBJnCFz@BrAT`ANd@^v@d@z@H^GdBFv@FlD@f@FV?bBDZ@r@FvAAt@Dj@DN?xADjABVBHFHb@D`AMr@?JCNKTDJDf@ARDDD^@JFBFRfBa@qACSIMu@?GEQ@_@Fc@@QDq@Bu@HWESOEOU_DAeB]wLAiBKeBBOJ[?WMi@_@cAYk@a@sAG_@[qDEmAGqACuAOoBMyDc@iG@MFIh@IXORBLANI`@MFGP?JGPEDIDSCcASaB@OJ_@Fk@KcE?eCBuAKaA@[BWFEHAZJJ?ZGJ@j@QZCd@ANB~@l@f@RDMLKPUL?HIVGP@DAFIFU', 'resource_state': 2}",False,False,False,False,everyone,False,g27268920,"[52.511943, 13.262542]","[52.511479, 13.263376]",2.541,5.36,True,163.5,181.0,False,True,67.3,57.7,17736680435,17736680435,D2610CDC-5674-4AFE-B519-5951D05A0524-activity.fit,False,0,0,False,,,,,,
2,"{'id': 118736122, 'resource_state': 1}",6 stetig,6014.9,2367,2386,25.8,Run,Run,,Apple Watch Series 6,16628414045,2025-12-02T12:46:48Z,2025-12-02T13:46:48Z,(GMT+01:00) Europe/Berlin,3600.0,,,,2,3,0,1,0,"{'id': 'a16628414045', 'summary_polyline': '_jo_Iex|oA?`@BPHANGZ?T?VDb@@lBj@\\ALB`@ANBPADBFNFp@DJDDZQRGTAJBn@Mb@Fz@In@Bl@ONBDJPbDCv@@hAJ~AFb@@TCj@F~@DjBJpBEjADvAAbAHl@?tADVF`EF`AA\\?l@L|C?lADdBDf@?j@LzBDdABXDbB?l@Bd@EpALbC@rADf@@hBLzBAz@JfCDpCH`B@~@BTD`BAb@F~@@v@Jv@BdAAxADjALbB?`ABTHfCAt@BfADd@BvCPnD?n@HhAA|@BTDT?bBDNBT@vBHzA?f@CXHr@@|ABb@?fADj@EAGs@Gy@?}@MeAGGODMAi@s@o@Nm@FO@c@Ca@NUAMDa@FMDSCe@?Q@MGOPMF_AJYSGMIYUa@Ie@Cs@Ku@Ae@QiA?_@Gc@M}A?_@IsAQaAKwAIeBOcAMsACs@G]c@wFEYIYIo@E}@GSASEOc@q@CKo@o@GQ_@g@MYIgAK[?YDO@MWcAYkBOu@KgAYeAEYQu@Km@O[I_@MmAu@mDO]Og@OkAm@cCOeAMQWi@mAqBIQOWWs@Wc@wBsFWeAEqAOkBAs@Gy@IaCOqC?i@IiABs@[}CKi@Cs@SeAGg@@mBSoCBuBAsAEgAFs@As@VyCAq@Du@?g@FMXFd@ARGPBP?XNh@DZJJ?^LHHPDT?VG^Dl@CDBLIRRVLt@D\\Cn@TV?v@JRAFWFc@Bg@?q@', 'resource_state': 2}",False,False,False,False,everyone,False,g27268920,"[52.511398, 13.263356]","[52.511363, 13.263988]",2.541,4.6,True,166.8,176.0,False,True,71.0,52.7,17717123775,17717123775,6E965662-CF92-4259-B857-F44652E90205-activity.fit,False,2,0,False,,,,,,
2,"{'id': 118736122, 'resource_state': 1}",Pberg - Schloßpark Schönhausen: 11 stetig & slow,11008.9,4593,4736,20.6,Run,Run,2.0,Apple Watch Series 6,16601258229,2025-11-29T13:51:20Z,2025-11-29T14:51:20Z,(GMT+01:00) Europe/Berlin,3600.0,,,,0,3,1,1,0,"{'id': 'a16601258229', 'summary_polyline': 'aiw_I_g|pAU~BGzEIVEl@CfBSrBO~C_@bFGnBG`@MNBv@Mj@c@EOJWEsCb@oENk@T}BRkAr@?f@YdAG`DMlACr@BtCQpHKnHCrDQ|@ChCGdB@\\KnA@f@CrAEVBjBGnBD`@KrBKfAm@pKC\\D`@Q~DI^?v@Mx@{@s@uAaBa@Mo@c@SJ_AOOHc@dB_ARu@Vk@pAg@bBWl@K?QY[cAEJc@PALgArAIAOTUFo@p@u@tAi@ZWh@k@DQ\\o@l@AJi@XALWPGRIBWj@SJYj@MF_@t@q@z@IT_@h@I\\eAdBUPI`@m@~@SRa@jA]Xg@jA_BvCW\\c@e@Ma@}@MuAfCCRc@@a@l@_AvBYXc@r@iAxCg@v@Qt@[`@w@dBe@`B_@r@[~@e@j@BHTaAdAkCb@q@tBaFbAuBh@{AWs@q@cAP]@Ua@eAOg@GkBC_BYaBt@gATm@Ji@S{CE{AQeBEwBO_AEyBY[YMEWFiE]{CAs@Ba@L_@Mk@Hk@KQe@_@KY[KUe@q@eD[e@{@mCQMi@eAg@eBEWs@iA?I[o@I}@GLSk@m@cCCe@Uo@e@kC@e@SgAIaAk@eCO_AAk@Qe@]A{Ab@w@ZSXaDnAuA}DMGQYo@MaAYa@WOOgA_COEQ[m@?oCi@}Bj@mBJeAq@[]O]Bo@KeBu@aEOuBUgA@OLOr@m@^MRWRBR_@\\UJYHCLn@B~@v@jFBRE\\HZf@dEZ|@^j@VV~@Jz@q@t@]|@uAPKb@?d@SFDf@pAVpBPh@z@rAFXPXPH~@Mf@NTVHGX\\Nj@\\VhAhBHApBw@LMd@KLQdCo@|@q@p@Qn@a@XC~@s@dAQZYR@Hq@JDDI?s@\\uBZa@`@SBQr@[FQ?[NQ\\O^e@d@KhAs@lB{@V]VGHOlAYVQx@Gd@S^@THHQh@IxCIh@Yl@@r@ShAC~@QPJZMn@\\VG`Aq@n@Ox@@j@M|DJROxAK\\UzAUbCK^LTEf@TRQrBEl@WDHLGZBzB}@HBt@k@T[`@UjAc@P@^QrALLSXD`A_@jAG`@UVAXN|@WQm@E}@Q_@FWBaBJaA@uAH_@E}B@yAE_@?}@Ee@Bm@G_CHqCIiA@}AIc@DM', 'resource_state': 2}",False,False,False,False,everyone,False,g27268920,"[52.553056, 13.422829]","[52.554955, 13.42365]",2.397,4.36,True,163.4,174.0,False,True,55.0,41.9,17689480535,17689480535,7E6FDE04-1D40-4081-93AE-8997B38B6491-activity.fit,False,0,2,False,,,,,,
2,"{'id': 118736122, 'resource_state': 1}",4 stetig & slow,4012.9,1582,1594,20.2,Run,Run,,Apple Watch Series 6,16582997042,2025-11-27T15:10:25Z,2025-11-27T16:10:25Z,(GMT+01:00) Europe/Berlin,3600.0,,,,0,3,0,1,0,"{'id': 'a16582997042', 'summary_polyline': 'aio_Ii~|oAO~AIzA?LFNLLTFX?h@FTA^BFBJAd@L`@RJ?\\LZ@b@GBBR~@JDZMv@Ij@SVAv@@ZILA\\Hh@ALHDN@`@AlADrAH`ALpEA~@BjCHdABvBFb@EpALrABnAAJFt@A~@Bp@Fn@An@DpA?bBJzBB^@t@H|@C~@DvAANNhA@hBBLBxACj@DjCHlA@bBDj@?jAFj@@`BEJI@MEq@IMEGIs@Y_@KOAIEMGm@o@AT|A|DXhAh@xAFVFPPbAXb@B?HIn@WBC?COmB@mAKwBDg@Ac@G}@?sBOaB@kAMmD?}@Ee@@k@IqAAyAEs@ImC?_@Co@?kASsCBa@AcCGsAAkACi@AoBG_C@{AIeA@e@AiAOgB@oAGq@AgAGu@@kAGmAAgBIy@Ce@CIYHeANSHOCIGa@AK@MHu@@g@HSLG@Q]Ig@GOGCG@OPSDOKQBGA_@Q', 'resource_state': 2}",False,False,False,False,everyone,False,g27268920,"[52.51102, 13.264205]","[52.512012, 13.262181]",2.537,4.37,True,163.8,174.0,False,True,65.1,52.7,17670875342,17670875342,064783D2-40DE-446C-B04E-4979EB893F9C-activity.fit,False,0,0,False,,,,,,
2,"{'id': 118736122, 'resource_state': 1}",6 stetig & slow,6018.0,2455,2466,26.4,Run,Run,,Apple Watch Series 6,16562575587,2025-11-25T14:04:34Z,2025-11-25T15:04:34Z,(GMT+01:00) Europe/Berlin,3600.0,,,,0,3,0,1,0,"{'id': 'a16562575587', 'summary_polyline': 'aco_I_v|oAf@TJ?D@ZAp@JLRLf@LDJ?LCh@UXA\\Gf@Bp@?`@GP@PGJ?b@@DHDZFtBA`@?f@HbB?fADp@Jh@ElA@rBR~DAtDFfADtAA`BJ`A?`BD`@B~BFhA?vAJ`BBtA?b@BLDjAFl@@|GRzCRzF@rBAn@F`BA`@Bf@L~@NlEDXA|CDr@@`@Fj@@t@Bp@BPCzABHA^FfA?f@NtDBp@AXFv@?rADr@@lABf@?b@Jv@Ab@Fn@?p@H`A?p@Hv@AhAF`A?h@HjAE`ALjA@bBHp@@zAMyB?u@GaACGGCe@JKAM[OSy@LUCW@MBWCa@PK?i@H[CK@MAOBMFS@SCYJS@SFS@G?MGKSIEAGQAGIK{@BK?YEWEsAMu@GyA[yDG[C_AKk@QiBCk@]mCEy@GSKaCUgDGk@UmAGo@AKSSc@s@a@e@s@cAK_@OgASw@OmAKWKw@GOg@cCs@{DM_@c@eCu@mCG]CSQaAc@aBOu@_@mAMSEUBk@CUkBwDM]s@{AGWi@oAOi@Yo@Qq@EkACaCQqBCoA_@iEAoCCW?YWuCCs@Sw@Is@IeCKsABgAAiBEuABqACc@Bk@EkAGeAFeAZ}@f@?RBXKf@Gj@TPDXCTBH@JER@f@VNBTCT?B@TCZ@NJJCNHP@l@Vh@BPD', 'resource_state': 2}",False,False,False,False,everyone,False,g27268920,"[52.511582, 13.262925]","[52.511719, 13.263099]",2.451,3.92,True,159.3,171.0,False,True,71.5,52.7,17650129719,17650129719,9EC409F8-8BC0-4D6F-AC82-CC0F56A6DB2E-activity.fit,False,0,0,False,,,,,,
2,"{'id': 118736122, 'resource_state': 1}",Persiguiendo el sol : 7 + 3.05,10054.8,4023,4151,42.1,Run,Run,,Apple Watch Series 6,16544653999,2025-11-23T14:01:47Z,2025-11-23T15:01:47Z,(GMT+01:00) Europe/Berlin,3600.0,,,,0,4,1,1,0,"{'id': 'a16544653999', 'summary_polyline': 'kio_Im`}oAQzBFzAA\\Fd@FH`@Ht@Jn@@NHvAVfBJHZFl@PH~BKlD_@^BBD@JAv@B\\N@FLx@Ch@hA~@lARp@x@bAFARWr@Nr@@p@^Lf@L^~@vAJXf@f@fBlCbAjBn@Vn@~@`@TF\\v@jAd@j@NXVVNXLJr@jANBJ\\PPf@Jh@]JQXBDJHDd@h@h@^DLJJ^]RVNEHDLTTRRBb@VLA\\wATLz@NxBx@dAPd@EdBHLDJLV?`Ah@r@P`@p@^Bt@GZKFKRKJO`@EXWx@ENGd@DbA[V@LKFBVMHDb@KNBf@KLFt@QX@VKPWl@QFBb@K`A?JD^SF@DB\\l@f@l@j@z@l@l@zCvE|B`DLHdAzANpBApAFnBCTH`F@lDDlA@`DDtA@xF@VA~A?JLBBLSl@BvBCfACjCFhCEfA@|CXhCV|AXvBVbDJf@JfAL~AJ|BBdBEj@?`@MxA@JEr@O`AO^YfA_@`Ca@xCQZi@\\kAdAu@b@_BZQJkAPyAl@u@Js@GQFGAQYw@i@SYg@a@i@Uc@_@cAc@WEi@CIDu@A}@LKDu@z@SJEb@KDIL]x@STETUTGPAHOZQHWh@c@Hw@KYO]aAASMo@}@oDIc@i@cBQ]KGYu@w@aAOIa@k@_@Ws@w@SIGKa@WMSK{@?SEEQwAO}BWyAScBMSC_@OWK_AKMWq@SYGS]e@ESYi@]eAUc@E]OKo@oBKG?QQ]_@oAAYy@{CGkCK_@QYMsAC{DI{CBc@E_@?oAGiADYBIHEHLATDl@JEBGAUGQQUQEKQCw@SoAAUIU@OIa@?QWiAGKWuAAe@OWIYEe@M]Em@e@yBaCyQ?_@K]Ic@A[GWGmACU?]Ie@Ao@GWAe@BWG]HcAGSMoACIQ}BPo@BOAUJW\\Fp@?PPLX`ApARRt@jAx@|@DJ@NHKISSKg@g@eDaFQQIAIWOWAMQIAYRk@V]ZqAN[?KJQf@yATcAdAgCFQCI{@?eASmA]kASc@AcA[U@gAK{A[SM_BKc@_@g@Py@jAc@`@ECSe@{A_CWDg@EEK?gAEQGMcADsBVKFOGq@L]?WLm@?c@J}B[KKy@CoAYcCUYD[QgCi@mADgCi@gAIKGa@AsBOOKCIJ[B]NMJ?`@FPIz@PT?FQ^`@hADt@VN?', 'resource_state': 2}",False,False,False,False,everyone,False,g27268920,"[52.510924, 13.264428]","[52.512094, 13.261728]",2.499,4.46,True,167.8,178.0,False,True,64.9,37.9,17631936297,17631936297,F729F3F9-2BA3-4EEF-933A-6EEBD8D38053-activity.fit,False,0,2,False,,,,,,
2,"{'id': 118736122, 'resource_state': 1}",2.3 + [ ] + 1,5033.7,1963,1974,24.9,Run,Run,,Apple Watch Series 6,16514682632,2025-11-20T12:45:20Z,2025-11-20T13:45:20Z,(GMT+01:00) Europe/Berlin,3600.0,,,,0,2,0,1,0,"{'id': 'a16514682632', 'summary_polyline': 'cio_Iw}|oACn@G\\I|AH`@JJr@HLAj@H\\?LDRB\\Pj@PdA@ZDDFHj@DFJDRI\\STC^M\\CP?PF`@?XG^BLBf@CNFDP?hBHvABdAL|ADlAEfBFv@@hABd@?`BBbBFrA?vBB`ADh@AlAHpA?jAFr@CrAHp@JrBAr@H`A?`AJnA?|@@x@NzB@bAC`@Dz@At@P~DDnBHzA?`@@lANfB@lFCTy@n@QXK\\IH]HGAUHWDYRw@N_Ah@u@LMH]DOH_@H[RQF]BMH_@Bm@RQAUN]HYPq@JOLQHO@EBi@HKL_@l@[PO?KFUFMEQOUc@Kg@UuEGaDKyAGiBOsBGS[O]Hc@EUBi@POLSLKLCJALBp@M?k@Pm@BYJOCEIIi@Eo@AcAMwAKyBa@wEKyBEc@G}BMwAIuBFmAXgB?UAOPsADk@?_@c@wHEuACsACYC_BI{@Ak@IiBMsA?]@EHALMBe@KgAIWCOMcBM_ACcC@s@I{B?o@BsAJi@B_AOsA@o@F[|@_@V@VEH@LEPCVFL?l@A\\EF@XRv@Px@D|@XB?JC^DNDR?RD^BNF`@@HBN@FCHM@GBaA?u@DOBSIu@', 'resource_state': 2}",False,False,False,False,everyone,False,g27268920,"[52.511017, 13.264058]","[52.512161, 13.26464]",2.564,4.92,True,163.2,183.0,False,True,69.2,52.7,17601572015,17601572015,BF8BF845-D137-4D39-B324-DCAAE38F4CC4-activity.fit,False,0,0,False,,,,,,
2,"{'id': 118736122, 'resource_state': 1}",5 stetig,5013.8,1855,1891,15.9,Run,Run,,Apple Watch Series 6,16494512209,2025-11-18T12:42:20Z,2025-11-18T13:42:20Z,(GMT+01:00) Europe/Berlin,3600.0,,,,1,3,0,1,0,"{'id': 'a16494512209', 'summary_polyline': 'qho_I}`}oAQjBIfBI`ABLHLHDP?ZH`@DPA`@F~@RNFXFHAF@LJNDNAVEJ@DHNj@FBF@l@Qh@ARKPAT?XDFC\\?LEd@APFh@CHHDxAFZl@?TBRNTb@z@rANf@Zn@NRRNFBHAPSHAv@Pp@@XFFFJRH^J^dAhBVTn@~@VTP`@l@x@bAdBNFPDt@x@f@t@PN^t@n@`Ab@t@p@x@Xd@JFNZ^VRHHAPKPSFAP?VDLFh@p@VPRRDBBABQp@eBLGF@^Jr@f@TLj@n@PLTHnARp@TzAVX@XEN@JFPBP?r@LVJj@b@LFZBZNNJX^HD^Az@]\\Ur@ULCP?tAY\\ADCH@l@OJK?F_@h@QFq@Cq@JU?MH{@PmAt@QFq@BOCQ]OMkAi@[Sw@Yc@GQDQAc@BOAMFG@{@QOKg@Qg@]IAg@Qq@Ki@]QCYUe@q@OKI?EBU\\OPYd@Uj@KAMWUQSWo@k@O@GBMVQHG@]Aa@UWa@QO}@uASSUg@w@}@_AaBc@e@U_@MMa@QW[m@_Ac@{@GE[i@UUQ_@s@{@i@cAWWc@eAK[SIOAKEQDMA]SM?UTEBMAIGa@a@Uk@i@_Au@cAKYMOIS[HS@YSG_BGMQBWJc@?YL_@CWIUAg@Lm@@_@LM@IAOKQm@IMK?QLI@IEu@MiA_@Y@GBm@KU@e@GOKEIMk@DwAFi@', 'resource_state': 2}",False,False,False,False,everyone,False,,"[52.510944, 13.264598]","[52.511307, 13.264008]",2.703,4.92,True,171.1,180.0,False,True,65.0,55.9,17581246398,17581246398,65B46705-1ABC-447C-8294-B6A9582D4560-activity.fit,False,0,0,False,,,,,,
2,"{'id': 118736122, 'resource_state': 1}",Pberg - Weißensee : 6.45 + 3.55 = 10,10008.3,3963,4056,22.7,Run,Run,2.0,Apple Watch Series 6,16465852611,2025-11-15T13:39:12Z,2025-11-15T14:39:12Z,(GMT+01:00) Europe/Berlin,3600.0,,,,0,6,1,1,0,"{'id': 'a16465852611', 'summary_polyline': '_tw_I_b}pADmA}@}CQUDFWd@gBjAe@t@?h@Fd@AnDBbBQHAh@mBVeA\\w@Aa@L{@@[LURQE{@TgBBkA^o@Za@AeANq@XaAJSHGPk@EIKYJWCWRi@DULkB\\CG?i@M{@CgBUoCCkAMkAK{BAoCQaEKk@OUBc@IWCs@w@N@SZsB^uA`@iBNgA~@uDv@eFPs@HA?c@ZkAh@wCNc@[fASvAw@xDUr@eA|GUhAUp@Ip@y@hDSdAI~@@DdA[HGRY?IJEZBn@GNI`@@LMP}@BYCKJm@Ts@Ba@FK\\M?m@NoAf@qAX[Ns@RaCJ_@PgA?Kj@uBL{@r@iBRcB?c@AFMc@sC{@kAW{GuBAQ~@wDTsAjAkF`@yAt@cENg@D]JS|@iEsAqDWiAKQg@wAEYKMk@cBKg@g@eA?UPEBUpBMA]B[A{@WcAEa@_@cAg@iBcAkCq@cA[w@i@y@k@q@AKxAmD|@aCv@oCfAsCVcAtA_EDWR_@Hi@bAuDvA}CjAkDHo@Rm@D_@AMi@q@Ug@sA{@We@A_@bAoDl@eBRaATs@Hq@LSPiAfAkBd@_BRgA^}@He@T_@\\F^n@t@l@h@N`AzALFJV\\CVJJd@Zl@RYHFJKN[Km@?YI_@Fo@d@I`@HtACz@k@NWXO`@e@LBNKAl@h@`Ad@\\b@HF\\DJp@b@\\Hf@d@t@FBHHBr@?`@KZRZFPPd@LJd@HH~@VRRFC?JXNHb@h@@BNt@IZF^JFPLG^RlAL\\CZRPb@EQVKHhAP^XbBh@\\Rb@Av@Fv@DXGX?dBJ~@AVHz@?NFTHn@?VC?Iu@Qw@EcASqA?WYgBK_@QoBMe@GeAa@}BMUAO?HGHOBqAOg@OWYi@@Y]MBUUu@WKM]?YKGMPg@FiBOyAGMSNiAjCIHUAuAg@c@[_AFg@?o@YYSCOGJ{@i@[i@?OS?YSq@}@c@kDOYIaCD{AMgAAeA@sA@a@Ne@CK\\}@|@gAXQl@On@Dh@IVJn@Dx@p@T?PNN@dCrAfAbAR|ACd@B`@MbAa@`AEd@@ZC~@Q~AS^[Vo@z@y@pBIA[`@{@IMVc@AW\\IZ|@Zz@Dj@Ih@DVPNEHV\\Pb@@RKv@sBRWh@wA', 'resource_state': 2}",False,False,False,False,everyone,False,,"[52.552886, 13.42268]","[52.550535, 13.461079]",2.525,4.72,True,166.2,177.0,False,True,53.7,45.7,17552312272,17552312272,1CBC024E-572C-42BD-AB2A-83A33DACFB8D-activity.fit,False,0,1,False,,,,,,
2,"{'id': 118736122, 'resource_state': 1}",2.5 + x + 2.1,5013.4,1888,1951,17.6,Run,Run,,Apple Watch Series 6,16446697411,2025-11-13T14:51:38Z,2025-11-13T15:51:38Z,(GMT+01:00) Europe/Berlin,3600.0,,,,2,2,0,1,0,"{'id': 'a16446697411', 'summary_polyline': 'iio_Iw~|oACJIzA?j@E|@FTFFNBJDVDl@?f@D`AVPBTLR@FBXBVEN?HFFXHPLFNBL?d@Uv@GJGV?RD^DJCP@\\C\\IN@HFJVFl@?VBVPJXAH@HFNRR\\VXt@dALJZ~@NJTXH?LMPGZF|@?PEXJJH\\l@DT^bATV^z@HLLJ|@~ANPR^Vr@`@r@RNh@NPPRZPP`@r@Z\\Vf@X\\DJv@~@JRVXXj@DDLBN`@^XLBRA^Sf@@NLHLTRp@f@NILOh@_AL]NEJ?VHhAz@d@d@ZNvBZpBn@`@@HCTBPJ`@@TJ`@F^LNHTF^RLBLCPa@`@eARu@r@gBPs@Ta@Vs@Ts@`@y@Ti@Ux@[z@MTG^g@xAUh@_@fAe@bAOf@MN_@`AE?YKYA]Gc@U_@Gg@Ei@Is@@MBQ?{A[g@Ys@U[OSE]S{@w@k@o@MIGAON{@rAITKBMCy@k@[UQQOICBKPSFQBUCOG_@c@YSc@{@m@i@e@u@c@g@Wo@u@aAk@cAKKg@Wi@s@]k@QUq@sAIEk@}@OQS[QQs@iAa@sA[S]E]BSKI@KCUVEBI?_@][a@Ys@QWSQQ_@OSc@aAIq@QTUDIFG]IMM?SFI_AGG_@EI?aAVs@EG@e@@KBa@FONKDGECEKu@IMKCG?YPe@DSGYQa@SUEUCOB_AMQCM@QAYYI]?SNgC', 'resource_state': 2}",False,False,False,False,everyone,False,,"[52.510926, 13.26417]","[52.511997, 13.264246]",2.655,4.62,True,173.6,185.0,False,True,64.9,55.9,17533004831,17533004831,47E68018-0A46-4B0C-8F7D-7728BD9173A3-activity.fit,False,0,0,False,,,,,,
2,"{'id': 118736122, 'resource_state': 1}",3.05 + 1.95,5013.0,1806,1910,25.0,Run,Run,,Apple Watch Series 6,16424218780,2025-11-11T12:25:13Z,2025-11-11T13:25:13Z,(GMT+01:00) Europe/Berlin,3600.0,,,,0,3,0,1,0,"{'id': 'a16424218780', 'summary_polyline': 'mio_Ii||oAAn@GtADRRPX@f@CHD|@LN?l@JZNP?j@J^@FFHVJRHHJBJAhACZOZEzAKd@Bb@CNFDJFnAJz@@hAB\\?`AFpAA|CH|ADbCFz@@rBAj@F~AD~FJnCD^?xAL|ABpBXhHE~@?v@LpBBhAAj@N~BE~@BpA\\rI?zAHv@@v@CZBVi@h@g@TMX?PIZSN_@D}@`@_APc@Pe@H}@XUDs@Ra@PUBKJUBo@T{Al@c@HuAd@y@LOKEKWq@Ua@ECWHSAe@YIOSiAKyAI}AEg@A}@MmB?UQ_BQ?]LOCe@@UBOA[Dg@PSLeATWN_@HINRMPc@JMrAU[Lq@PGAi@a@MSEOSgBGwAOgBOyCQuBE{AKiAA_BI}@@a@Bi@Hc@LkA@iAPk@Ba@McBI{EQmC?}@E{@Aw@Iq@IeAGgBKu@Aa@?SBMDGNODQS_A[cDIkAAwBCy@Bm@I}BL}BKcCBs@BWN]R]FCn@Hn@CV@d@N`@Cf@@H@HJHDNBNLPF|@@h@DXLFEFBL?THh@JJ?NCb@Lx@BHGFM@e@Dg@', 'resource_state': 2}",False,False,False,False,everyone,False,,"[52.511133, 13.263907]","[52.511487, 13.263713]",2.776,4.64,True,175.1,187.0,False,True,69.5,52.7,17510396758,17510396758,DE8CF913-7723-4DFD-9F04-456B8FFB65F1-activity.fit,False,0,0,False,,,,,,
2,"{'id': 118736122, 'resource_state': 1}",3.75 + 1.25,5010.0,1910,2032,16.0,Run,Run,,Apple Watch Series 6,16363228494,2025-11-05T12:43:09Z,2025-11-05T13:43:09Z,(GMT+01:00) Europe/Berlin,3600.0,,,,0,3,0,1,0,"{'id': 'a16363228494', 'summary_polyline': 'oio_Ikw|oAJJdANVA`@H^ANHf@LLHV?\\FVC\\FLJDb@TRD@TG~@I\\D^Ah@O\\SJC`@?P@VCNDBHBpABb@L?DBn@?XV`@n@f@n@v@`Bb@f@HBNINCx@H`@C`@NLRRz@HRZ^R\\x@bAZh@b@d@x@vANNTj@b@`@d@ZZd@^^Xj@TXR^RP\\j@^\\Tf@XZ\\h@N`@p@d@NDL@NEf@WJ?JJPDV^^R^`@H?NIb@s@RYL]X?l@d@XLRZPPd@VZAXBb@ZH?r@Vp@NJDl@Ch@FTIV@RDLFH@FBXR`Ab@PLXD`@b@VHf@E`@KTIt@a@`AKNKHAx@GdA]NANDr@IRSADY`@g@N[HWJSBOC]LUB[Ls@HWH_@Bs@h@I?s@JOI[[OMGB]Ka@YQEe@W_@EMGa@Gc@@SEYD[C[K_AKkAs@WCU@]EiA_AQW_@U]]KEI?Sz@ING^S^QGMK_@U]c@m@e@KE]`@QJWD[Ke@m@Q_@k@o@i@w@g@m@OMUg@Yc@[]MU{@kAOKQGII@A\\TSI[_@KUi@}@]e@S_@OMYe@OMYc@Sa@KMGQg@m@k@wAIIMMKGs@CC@]KQFOLGAq@_@o@eAo@qAMKU[Qa@GSAUCyA@d@Ft@AHODOCUFICSkBEESBCEQWKi@GGUFw@?UHO?YDo@DWFW?SHS?QFUE]Lw@U', 'resource_state': 2}",False,False,False,False,everyone,False,,"[52.511428, 13.263296]","[52.51209, 13.261921]",2.623,4.04,True,171.6,181.0,False,True,65.0,55.9,17448901124,17448901124,B4EEB426-FA05-4D08-A7CB-47047B813786-activity.fit,False,0,0,False,,,,,,
2,"{'id': 118736122, 'resource_state': 1}",5 + 3,8018.4,3077,3262,36.6,Run,Run,0.0,Apple Watch Series 6,16332791019,2025-11-02T13:44:02Z,2025-11-02T14:44:02Z,(GMT+01:00) Europe/Berlin,3600.0,,,,3,3,1,1,0,"{'id': 'a16332791019', 'summary_polyline': 'qio_Ikz|oAGnA@HNLj@Nf@AL@HD`ADd@NPHXBJD\\DZEJ@FBBHJh@JLp@Uv@@x@SP@NCX@LCPAl@DZ?FBDFDnAF^x@DRDDD`@n@`@z@RV^dAPVVVDBHARUDCLBHAX@LFd@AZHFBJNZdAj@jAZd@LJ`@b@LTn@z@Xd@v@|Aj@j@TJ`@VLZ`@b@L^VXL^RZTXb@^h@dA`@`@T^NLLX\\\\TBJEd@e@PIF@NFd@^Vf@f@`@DARYj@\\PXFDJLVJJ?TLF?DEPk@HIn@AZDR?p@Tb@Bf@L\\BTHT@XCj@Bf@LX@d@T`@HVPlA\\Tb@BBJ@NAJCH@`@Az@c@^Gj@[jAM|@APGPK`Ba@R?NDJCfA?t@S\\Wt@Sz@G|@@LCJ@NDvAnB^Xd@~@JPl@t@ZTpApBL\\JLZVTTR^FBj@z@d@f@NTF`@HfDHd@Ab@DnBAt@Bd@CdAFvBCjDDf@C~@@ZAdBHtBCpB?`IC`AB~ACfBBzACvBFhCF^Bf@VxAH|@Hb@?RYlADNTPHBBGAi@QiBIe@]oAO{@C}AEa@FkAMqDHw@?u@C}AJ_CCM@}AC]@s@Co@By@AaBEwAD}CGuEMcC@e@IqBCwA@qACaC@aCS_@e@e@KWAKGMuAqB_A}@e@y@i@o@Ua@y@eAUS_@c@KQ]a@e@u@OME?G?]L[Gm@Rm@DWH_@Xq@RM@m@CIBKAG@]GYBULg@Dc@Ta@NU?WCS?g@H}@ZQBo@`@OBSPMBq@BOGc@k@MAYQMCOQMA]U[Cg@OO?SB[Gq@?[IU?UCMCUU_@Ko@]u@SOAOJQXQh@i@MKGI?QKYYaAa@QUOKQUO]EEM?KIUa@GGE@CDKj@QZKFQ@MFGAs@m@OAOKSa@YWYk@Yc@w@aASe@e@g@}@sAQSWEMIi@g@GKWs@g@}@[i@YYSe@[US[k@cASYWo@G[KS]My@EME_@JYTG?SIY_@Q[Si@gAeBMMKOOUIUCUD_AAWG]FnAHn@ABw@DICEGKYC}@IWc@LU@QAQHMAs@J]@SLWFa@A_@FWEEEQq@OWQA[POEO?MKSC', 'resource_state': 2}",False,False,False,False,everyone,False,,"[52.511331, 13.263702]","[52.512243, 13.261658]",2.606,4.54,True,161.5,172.0,False,True,65.0,43.4,17418167605,17418167605,3A31B0C7-D800-4CBA-B8AD-9A546C83E017-activity.fit,False,2,0,False,,,,,,
2,"{'id': 118736122, 'resource_state': 1}",3 + 2,5020.6,1827,1978,24.4,Run,Run,,Apple Watch Series 6,16314146983,2025-10-31T14:09:02Z,2025-10-31T15:09:02Z,(GMT+01:00) Europe/Berlin,3600.0,,,,1,3,0,1,0,"{'id': 'a16314146983', 'summary_polyline': '_io_I{}|oAUlDH^FJDBnBJh@FhCj@\\CLFJNDNBh@F?RMb@O\\@HCVUVIh@BPDP@NEf@CZD^AFLL`DDhBJlAAf@BdAA`BNvCAz@BxAHnAG`ADhA?jAFdAAt@R~C?|BB^BbBFz@F|BAbAHtA@n@FbA?^LnABlAA|BBlAVtEBrAFz@@|BLfBC`A?pBEf@DfACL[AMDSF{Av@[DQNM@UJYDgA\\S@k@XYB_@Li@TWDc@P[Fg@Pe@HYRo@Pg@FQJoBj@i@EMGMMaA]YUKYGs@@[Ee@CqAOuCEuBQuACy@EMSAm@Le@E[Da@@]VKV?XBb@CD[Fm@RQIOB~@eAI@[TG@_@BMAYSWEGACEA{@@KLKBGAo@GYE}AU}BKcDSmCAi@IoA@e@Cs@SqB?KHa@HaANo@AeAPe@D{@Ac@SaC?}@CmAIeA?iAKkBAg@MyAMoCMyA?QFUZa@QeAMi@Cu@Gg@GeBG}@BaAAi@?MI[Cg@?{@FeA?g@Hw@?y@MaBBWBKFCDAj@Hh@CNCZMXCx@SZERHVXJFn@RfAT^AZDTHH@HF', 'resource_state': 2}",False,False,False,False,everyone,False,,"[52.511148, 13.264219]","[52.511431, 13.259299]",2.748,4.76,True,173.7,185.0,False,True,69.2,52.8,17399119409,17399119409,1BAAB736-8E04-48C8-A499-0B6F069FDD55-activity.fit,False,1,0,False,,,,,,
2,"{'id': 118736122, 'resource_state': 1}",Afternoon Run,4013.4,1625,1705,14.3,Run,Run,,Apple Watch Series 6,16293326988,2025-10-29T14:52:07Z,2025-10-29T15:52:07Z,(GMT+01:00) Europe/Berlin,3600.0,,,,1,2,0,1,0,"{'id': 'a16293326988', 'summary_polyline': '}io_Icx|oADVJHRFz@Fr@@v@Pf@Tb@?`@JVAJ@JHLRNl@f@SdAM^IL?TDHA`@Oj@@NFp@?FDBDHbAF`@@AHJD@\\KH@NJRTJV`AzAj@tAR\\RNTU|@DTCp@TRLLTRt@b@x@h@v@LHNXNJh@jANNVb@^b@HR`@f@f@^`@p@d@^Vj@TX`@z@b@r@j@j@\\d@|@n@b@n@TRL@NENKNSNcAEEKECGSuBFGJ?\\\\RHTPZb@rAnAPVDJBJCVQ\\Mz@Qf@CR?NDJp@N`@T`@HVH?BL@NHh@?RNN@TNj@JHFr@T\\NN@BKd@sC[Bi@c@q@YEGc@OG?OEQ?MCg@QKOOIa@]c@m@KII?}@lBEAOWWWe@s@UKSYCAQEQ?DTBFAN]d@MHSBOAa@[GIUKU_@i@q@i@aAk@o@_@i@QSq@mAYY_@k@[IUSEMIKGAQ_@IIS_@_A{A]q@e@i@s@oAOOKWWeAKMKGw@IKEc@AOGGBMLIBUCo@e@M_@o@kAOMUe@Y[Sm@m@AIBCAGSCk@MaAA{@CSq@N[JWDYCc@@WHMFOAe@JWCUHk@Ha@@', 'resource_state': 2}",False,False,False,False,everyone,False,,"[52.511419, 13.263362]","[52.512035, 13.259364]",2.47,4.34,True,166.0,182.0,False,True,65.0,55.9,17378122807,17378122807,8AE22129-0584-4635-8522-39D9225413DD-activity.fit,False,0,0,False,,,,,,
2,"{'id': 118736122, 'resource_state': 1}",Afternoon Run,5230.9,2024,2024,24.9,Run,Run,,Apple Watch Series 6,16272557091,2025-10-27T15:29:00Z,2025-10-27T16:29:00Z,(GMT+01:00) Europe/Berlin,3600.0,,,,0,2,1,1,0,"{'id': 'a16272557091', 'summary_polyline': 'sio_Io}|oAEb@Bz@ChADRJLRDj@FNDh@Bl@N|@\\z@C\\@ZAHLHt@FFN?d@GlAWn@HjAYX@j@ENJD`AH`AAtAH~A@dBDl@EhBFjADrCL|BAfAHhD?tBJbD@pBRzDBrAD`AAlAHhBJlADxCCbB@THR@xBLhCAf@BjA@l@JtADxCD`ACpCDnAEj@KLyA\\cA^UDUHq@N}@^WDg@TS@YLe@HWJM@GBUBMLQ?IFSFg@Fk@\\uAXUJSJ{@XSRc@p@mB`@MKM_BIcFEeA?wAG}@?c@S}DKu@GGs@LYAc@FWAg@FSVIRA\\Bf@CDcATMAo@NG?ISE{@OGIAO]AU@YJIDOA}@KiAEeAMkAUeESoBIwAQcF@c@T}BBeAH]JYDWEiAGm@KmBCmBKoBBuAGy@AkAAMGSI}@CaAIkAMeADOXUBGSyACcAIg@KaBCeCEy@@{AFu@?mAFoAB{@I{@@g@Fu@HWJUFCF@ZHH?\\MPBNEJ@JJXR`@@NCFGP@XDXTJ@ZAJA^BZET?VHPLb@Np@AJB\\PVDPJj@Fb@?BI@}@Hi@BuAPeAHaALi@', 'resource_state': 2}",False,False,False,False,everyone,False,,"[52.51106, 13.264057]","[52.511816, 13.265254]",2.584,3.8,True,170.5,182.0,False,True,69.2,52.7,17357206248,17357206248,0378D012-E06C-4F72-B1EF-1561CDD06EF7-activity.fit,False,0,0,False,,,,,,
2,"{'id': 118736122, 'resource_state': 1}",Afternoon Run,1999.1,1226,1704,3.0,Run,Run,,Apple Watch Series 6,16253151112,2025-10-25T15:23:02Z,2025-10-25T17:23:02Z,(GMT+01:00) Europe/Berlin,7200.0,,,,0,0,0,1,0,"{'id': 'a16253151112', 'summary_polyline': 'wjo_Is}}oAQWMIIa@OYCQEAIWEEGY@IJ[^k@?IRa@HK@MFGAIBGXYBOHELYFWZc@?GLQDKV_@Xu@JSDAF[x@_BFEJ]\\e@b@cADQPWFUT[L]T[Xu@LMHOD}@?g@BE@MB?AO?KAE@ULg@@Yo@i@l@x@I^IbA?rABD@TR`@RRZf@\\R^HDBBf@@lB@LEx@PTCJDB?DMt@B@@P@p@ABFRAb@RhBEZ?TI^@RE`@?TDBAJDT?THb@BJDb@?DECCPACCBAEKDECI@Ul@OTOFQNQXAAEJEBAHa@n@', 'resource_state': 2}",False,False,False,True,only_me,False,,"[52.510937, 13.26426]","[52.510817, 13.263938]",1.631,2.96,True,97.0,134.0,False,True,64.8,61.6,17337499993,17337499993,B9CFDDB6-54E5-461B-B227-131ED34B0A2F-activity.fit,False,0,0,False,,,,,,
2,"{'id': 118736122, 'resource_state': 1}",Lunch Run,2830.7,1695,2840,5.7,Run,Run,,Apple Watch Series 6,16231166886,2025-10-23T10:51:40Z,2025-10-23T12:51:40Z,(GMT+01:00) Europe/Berlin,7200.0,,,,0,0,0,1,0,"{'id': 'a16231166886', 'summary_polyline': '}ko_Io}}oAIES]EC?KCBACABCK?IC`@?EFCc@b@OpAYv@EBU`@QL[n@UVI\\ILKn@EL?FFHWEYDCBUf@c@l@Wl@CPKJS\\M\\MJSj@Wb@Qh@S^IXCFYTKVAH_@x@A?CDm@vAMREPQN_@h@GBGZGLE@CL?CMLMDCLIDGXs@z@S^[b@Sf@G@MP?HGFCLUNINMHC?OXONAHEHQNUb@g@l@GL?FW\\_@RAES]M_@GGE?IJ?HGBCAAFCA?FCEC?@@AVAM@G@D?GF^AOJIRST]DQJCZa@N]HCVWl@iAT]VUN[XY?EVYp@mAJIHQd@k@JSn@u@bAiBVW\\m@FCDBFFJVHHFDD?^gADCDKPWL_@DG@@DUFG@@DCPe@B?EECGEk@Bl@Ak@`@La@MQOf@r@@AIR@B@MJG]_@@EJIAEBIFCTs@T]NIRERWTm@Tu@FWXi@H?VTFI@u@DQ`@_ALQLU^oATa@b@]P[H?HGRm@FIJG\\~@PNNAJID?DJDP', 'resource_state': 2}",False,False,False,True,only_me,False,,"[52.510928, 13.264562]","[52.510743, 13.264096]",1.67,3.42,True,118.8,163.0,False,True,63.7,57.7,17315358970,17315358970,F4E91B50-D37E-4F84-830B-0790BD6824E9-activity.fit,False,0,0,False,,,,,,
2,"{'id': 118736122, 'resource_state': 1}",Afternoon Run,4209.9,1701,1705,24.6,Run,Run,,Apple Watch Series 6,16211505091,2025-10-21T12:40:22Z,2025-10-21T14:40:22Z,(GMT+01:00) Europe/Berlin,7200.0,,,,0,2,0,1,0,"{'id': 'a16211505091', 'summary_polyline': 'aao_Iiu|oA\\TF?PGJAD?JFH`@@\\FHHK\\E\\K\\Sx@KRDX@x@IRFv@@D@FHD`AFt@LtFB\\DpAA~AJzB?|AJhCEtAFz@Ax@BrBFxADd@DhCPlEARBx@A\\Dl@Cb@@rAB\\?b@N|ADbBBRD~ACz@B~@A`AL\\BRC\\FlAAl@RrC?|@R`IGn@]f@SLSFs@\\g@HKFk@H[Ni@CQDMBSL[FSJ[DUJc@LULq@HmA^MCI@_@Pi@b@WNcADOB_@HUR]JUAKGUCWAGDe@JU?Yc@Ea@@_AOqCB_@ESCiAIc@I{ACQEeA@YESS\\IDUKI@QHMEWME@[EWBGCi@GK]CQBUAUUo@EYKQESBo@Eu@As@Em@IkEEe@CgAG{@CwACk@?}ABWLe@?U]y@_@g@OYGg@EaDEc@AcCK{@GsAQeBAaAKyA?e@Ik@Cs@BgAIa@AWOq@KiAAw@G]@OEa@?WIwA?Y@[CUE_A', 'resource_state': 2}",False,False,False,False,everyone,False,,"[52.512192, 13.261327]","[52.515724, 13.261326]",2.475,4.82,True,174.4,192.0,False,True,69.9,52.7,17295580022,17295580022,A98C2A40-BD09-495E-A875-59F7CAE991B6-activity.fit,False,0,0,False,,,,,,
2,"{'id': 118736122, 'resource_state': 1}",Afternoon Run,5020.1,1943,1952,24.6,Run,Run,,Apple Watch Series 6,16193010393,2025-10-19T14:57:00Z,2025-10-19T16:57:00Z,(GMT+01:00) Europe/Berlin,7200.0,,,,0,1,0,1,0,"{'id': 'a16193010393', 'summary_polyline': 'cio_Iu||oAQjCBXRPZBZ?z@Fh@Lh@RPBf@LJDRCFBREN?JLFb@HNL?n@MZ?^O^Gl@H^GZ?b@HRGL?HFBFLnBLlGHpA?tAHt@@\\?~CHlCEjAFz@BtAHdA?nAFjAAl@FxACf@@p@NrCDzB@fBRhD?|@Bt@D~BAp@PtC@j@An@DhA?h@JvABdBHzA?hAF~@AvBBr@E^}Af@OHo@VWFSLOBS@UFM?WNaA\\u@Le@Lc@Tm@Je@R[De@NQHQRGBMBS@w@VMBKDS@aAb@UZWNSVKF_@F_@RQBGAKUEw@Gi@EoA?q@GaCGq@EyCUmDCgAEKGIIC]TUCa@Bu@?MBGFCLYRCP?|@EDo@J[BOCa@JGCEM?OGi@WKGWEEESAORW@UOsCSiCKy@QiE?o@Ko@ImAEqBI{@b@_D?c@Ia@BUPYDS@aACu@OkBKoB?w@Ce@CmBGu@Cw@KcAIaCUkB?QT_@HS@]QeAKmAAWI_@QgA@s@EWB}@K_A?[KmALeCLi@?YDe@AUKc@?o@BSBAn@?hAGl@?^CH@d@CJEL?VFLPVLNLT?NHF?l@F\\@l@VNB', 'resource_state': 2}",False,False,False,False,everyone,False,,"[52.511074, 13.26399]","[52.511403, 13.259255]",2.584,4.74,True,169.1,180.0,False,True,69.2,52.7,17276972048,17276972048,96187F72-8068-44B2-95B0-796D705C3B2F-activity.fit,False,0,0,False,,,,,,
2,"{'id': 118736122, 'resource_state': 1}",Afternoon Run,5017.8,1896,1913,24.7,Run,Run,,Apple Watch Series 6,16161456749,2025-10-16T15:55:41Z,2025-10-16T17:55:41Z,(GMT+01:00) Europe/Berlin,7200.0,,,,0,4,0,1,0,"{'id': 'a16161456749', 'summary_polyline': 'mao_Iou|oAf@FR?LBN?NNBF@r@DHB@`AOT?h@WTEZBv@EL@JCN@RCXAH?FFBJJzAFhCHdA@d@JlBCb@@z@JbAE~BBR@|@D|ACnAHzACl@BLDnABT@dAD^BhDBX@dAFhA?RDj@?zCB|@JrA@hADt@AzADj@HpCHzA@vCDx@H`ADbCH`BA`@Bt@BrCCRW`@OHa@JIFCLCh@K`@EDG@U@SN_@JUHu@HYNSBQLQBkAd@SDk@HkA`@WDg@PS@k@RUBeA`@WP_@Jg@TKHa@h@oAXQOGMa@_BM_AQaCAeBMkB?kAMmCCWIk@MGU@e@Ca@@u@JIB[KE?OD[Fi@AWBWKa@c@Uu@O}@GcAA{@[eEi@uL?WHu@TsAGeAHYL_@FW@y@IgBOmAMiFGo@CqA@]MeA?q@Iu@Cq@MmAAaADMRIBIKo@@q@GqAQyA?MIc@Ao@AOEw@@qDAc@@aAN}BE{AL_@NIZAn@MZ@\\CN@p@AHBR^LJTH\\DnAKT?ZFh@R@FCKBQ?_A^}D', 'resource_state': 2}",False,False,False,False,everyone,False,,"[52.512028, 13.261992]","[52.512314, 13.264507]",2.647,4.22,True,178.8,188.0,False,True,69.2,52.7,17245050064,17245050064,A9444C7B-68DF-4CC8-BE32-1F1F195AEEEF-activity.fit,False,0,0,False,,,,,,
2,"{'id': 118736122, 'resource_state': 1}",Afternoon Run,3329.8,1287,1287,21.1,Run,Run,,Apple Watch Series 6,16138948263,2025-10-13T15:22:08Z,2025-10-13T17:22:08Z,(GMT+01:00) Europe/Berlin,7200.0,,,,0,0,0,1,0,"{'id': 'a16138948263', 'summary_polyline': 'gqn_Ik}{oACh@JvD?x@Bl@DV?bDBhAFfAAr@BjAVzFCr@F`A?`AAd@PvCBvCFxAAp@B~@PvC@fBNlDAxAL~ABfDAz@SXc@Xe@Je@Ru@v@u@VOB[IUDULMBUCG@w@`@aAT]L{@Ng@G]Ni@HOFG@_@LSJ_@LUBQJm@NSBo@KYDIASBg@NGEEIGa@GkAGqDQ{BOgDMs@[CYDICMBe@Aw@Jc@GMOo@wAKc@IoAGsAQwAOsBQaBEqBGo@KkEBk@?mDOiAWeCGcCCe@MkAC_BS}BE_A?u@I}BOsB]yAC}@?QEgAMeA', 'resource_state': 2}",False,False,False,False,everyone,False,,"[52.508809, 13.259032]","[52.515586, 13.260233]",2.587,4.54,True,179.3,195.0,False,True,69.9,52.7,17222352666,17222352666,2B3B08E1-21BA-416D-A521-09852A817A24-activity.fit,False,0,0,False,,,,,,
2,"{'id': 118736122, 'resource_state': 1}",Evening Run,2141.2,758,772,5.8,Run,Run,,Apple Watch Series 6,16138948232,2025-10-06T16:05:25Z,2025-10-06T18:05:25Z,(GMT+01:00) Europe/Berlin,7200.0,,,,0,0,0,1,0,"{'id': 'a16138948232', 'summary_polyline': 'qho_Ig`}oAOhAMdCGf@?XFLFBlALx@Bz@Pz@Vv@HL?HDLPF`@DHHDNCdAWLGt@Q^DHDLBNCLGHAr@B^ED@Hj@L~EFbA?j@P~AGvAHvA@zBDj@?pBCd@BF?i@G_A@k@WyEBg@GgBCuDGgAG}CGe@GEo@DQ?[JO?e@GaATi@@]FM?UBECCIIe@IWKIMBUNE?QCOBe@[g@K]EQG', 'resource_state': 2}",False,False,False,False,everyone,False,,"[52.510874, 13.264406]","[52.511736, 13.263041]",2.825,5.013,True,169.1,181.0,False,True,65.1,61.6,17222352689,17222352689,D25DA2BF-DDC4-444A-9893-46E126A48E04-activity.fit,False,0,0,False,,,,,,
